ISO-10303-21;
HEADER;
FILE_DESCRIPTION(('ViewDefinition[DesignTransferView]'),'2;1');
FILE_NAME('/dev/null','2026-10-06T18:55:34+00:00',(''),(''),'IfcOpenShell 0.9.0','IfcOpenShell 0.9.0','Nobody');
FILE_SCHEMA(('IFC4'));
ENDSEC;
DATA;
#1=IFCPROJECT('18Hq_AmXnBY9rnvLZy8GXQ',$,'R\X2\00E9\X0\sidence Les Palmiers',$,$,$,$,(#10),#5);
#2=IFCSIUNIT(*,.LENGTHUNIT.,.MILLI.,.METRE.);
#3=IFCSIUNIT(*,.AREAUNIT.,$,.SQUARE_METRE.);
#4=IFCSIUNIT(*,.VOLUMEUNIT.,$,.CUBIC_METRE.);
#5=IFCUNITASSIGNMENT((#2,#3,#4));
#6=IFCCARTESIANPOINT((0.,0.,0.));
#7=IFCDIRECTION((0.,0.,1.));
#8=IFCDIRECTION((1.,0.,0.));
#9=IFCAXIS2PLACEMENT3D(#6,#7,#8);
#10=IFCGEOMETRICREPRESENTATIONCONTEXT($,'Model',3,1.E-05,#9,$);
#11=IFCGEOMETRICREPRESENTATIONSUBCONTEXT('Body','Model',*,*,*,*,#10,$,.MODEL_VIEW.,$);
#12=IFCSITE('0gsuDfox1CBvRoZGJClfg9',$,'Cocody Angr\X2\00E9\X0\ 7e Tranche',$,$,$,$,$,$,$,$,$,$,$);
#13=IFCBUILDING('1FbIXT_hnAOOWWZ5SR2xxE',$,'B\X2\00E2\X0\timent A',$,$,$,$,$,$,$,$,$);
#14=IFCRELAGGREGATES('1op5BPXNv6DRLZlfpdk9sI',$,$,$,#1,(#12));
#15=IFCRELAGGREGATES('36xGo8BOzCi84CZNTk9n1o',$,$,$,#12,(#13));
#16=IFCBUILDINGSTOREY('2bhHiWepv8jhWEXTrD25QW',$,'Fondations',$,$,$,$,$,$,-1.2);
#17=IFCRELAGGREGATES('0V$5LSCEX1hhFTvbxE$G0O',$,$,$,#13,(#16,#18,#19,#20,#21,#22));
#18=IFCBUILDINGSTOREY('0QnAjFCY19ifHH5eh1fvdf',$,'RDC',$,$,$,$,$,$,0.);
#19=IFCBUILDINGSTOREY('3AmOSK3prF6unuUX2hx6sh',$,'R+1',$,$,$,$,$,$,3.);
#20=IFCBUILDINGSTOREY('1Fo1XvMQjCjRcSMqTn5BAB',$,'R+2',$,$,$,$,$,$,6.);
#21=IFCBUILDINGSTOREY('3HAJgdw8v7mO71PEilGsfy',$,'R+3',$,$,$,$,$,$,9.);
#22=IFCBUILDINGSTOREY('22BN9gEyj9RP_b96lHOlnX',$,'Toiture-terrasse',$,$,$,$,$,$,12.);
#23=IFCFOOTING('3Oa_qMikbARQjszoS56UBi',$,'Semelle isol\X2\00E9\X0\e P1A',$,$,$,#33,$,$);
#24=IFCCARTESIANPOINTLIST3D(((-600.,-600.,-1200.),(600.,-600.,-1200.),(600.,600.,-1200.),(-600.,600.,-1200.),(-600.,-600.,-700.),(600.,-600.,-700.),(600.,600.,-700.),(-600.,600.,-700.)));
#25=IFCINDEXEDPOLYGONALFACE((1,4,3,2));
#26=IFCINDEXEDPOLYGONALFACE((5,6,7,8));
#27=IFCINDEXEDPOLYGONALFACE((1,2,6,5));
#28=IFCINDEXEDPOLYGONALFACE((2,3,7,6));
#29=IFCINDEXEDPOLYGONALFACE((3,4,8,7));
#30=IFCINDEXEDPOLYGONALFACE((4,1,5,8));
#31=IFCPOLYGONALFACESET(#24,$,(#25,#26,#27,#28,#29,#30),$);
#32=IFCSHAPEREPRESENTATION(#11,'Body','Tessellation',(#31));
#33=IFCPRODUCTDEFINITIONSHAPE($,$,(#32));
#34=IFCRELCONTAINEDINSPATIALSTRUCTURE('188_$V74zDGOlCYLKZxwuW',$,$,$,(#255,#68,#134,#200,#79,#145,#211,#23,#90,#156,#222,#35,#101,#167,#233,#46,#112,#178,#244,#57,#123,#189),#16);
#35=IFCFOOTING('1KwG39gJ1B6QC6okdrMHHa',$,'Semelle isol\X2\00E9\X0\e P1B',$,$,$,#45,$,$);
#36=IFCCARTESIANPOINTLIST3D(((-600.,8400.,-1200.),(600.,8400.,-1200.),(600.,9600.,-1200.),(-600.,9600.,-1200.),(-600.,8400.,-700.),(600.,8400.,-700.),(600.,9600.,-700.),(-600.,9600.,-700.)));
#37=IFCINDEXEDPOLYGONALFACE((1,4,3,2));
#38=IFCINDEXEDPOLYGONALFACE((5,6,7,8));
#39=IFCINDEXEDPOLYGONALFACE((1,2,6,5));
#40=IFCINDEXEDPOLYGONALFACE((2,3,7,6));
#41=IFCINDEXEDPOLYGONALFACE((3,4,8,7));
#42=IFCINDEXEDPOLYGONALFACE((4,1,5,8));
#43=IFCPOLYGONALFACESET(#36,$,(#37,#38,#39,#40,#41,#42),$);
#44=IFCSHAPEREPRESENTATION(#11,'Body','Tessellation',(#43));
#45=IFCPRODUCTDEFINITIONSHAPE($,$,(#44));
#46=IFCFOOTING('3u9cDu7iPAjhxp$qg3ORQF',$,'Semelle isol\X2\00E9\X0\e P1C',$,$,$,#56,$,$);
#47=IFCCARTESIANPOINTLIST3D(((-600.,17400.,-1200.),(600.,17400.,-1200.),(600.,18599.999999999996,-1200.),(-600.,18599.999999999996,-1200.),(-600.,17400.,-700.),(600.,17400.,-700.),(600.,18599.999999999996,-700.),(-600.,18599.999999999996,-700.)));
#48=IFCINDEXEDPOLYGONALFACE((1,4,3,2));
#49=IFCINDEXEDPOLYGONALFACE((5,6,7,8));
#50=IFCINDEXEDPOLYGONALFACE((1,2,6,5));
#51=IFCINDEXEDPOLYGONALFACE((2,3,7,6));
#52=IFCINDEXEDPOLYGONALFACE((3,4,8,7));
#53=IFCINDEXEDPOLYGONALFACE((4,1,5,8));
#54=IFCPOLYGONALFACESET(#47,$,(#48,#49,#50,#51,#52,#53),$);
#55=IFCSHAPEREPRESENTATION(#11,'Body','Tessellation',(#54));
#56=IFCPRODUCTDEFINITIONSHAPE($,$,(#55));
#57=IFCFOOTING('1XkjzGjojEyuQQ3DHRQvf0',$,'Semelle isol\X2\00E9\X0\e P2A',$,$,$,#67,$,$);
#58=IFCCARTESIANPOINTLIST3D(((8400.,-600.,-1200.),(9600.,-600.,-1200.),(9600.,600.,-1200.),(8400.,600.,-1200.),(8400.,-600.,-700.),(9600.,-600.,-700.),(9600.,600.,-700.),(8400.,600.,-700.)));
#59=IFCINDEXEDPOLYGONALFACE((1,4,3,2));
#60=IFCINDEXEDPOLYGONALFACE((5,6,7,8));
#61=IFCINDEXEDPOLYGONALFACE((1,2,6,5));
#62=IFCINDEXEDPOLYGONALFACE((2,3,7,6));
#63=IFCINDEXEDPOLYGONALFACE((3,4,8,7));
#64=IFCINDEXEDPOLYGONALFACE((4,1,5,8));
#65=IFCPOLYGONALFACESET(#58,$,(#59,#60,#61,#62,#63,#64),$);
#66=IFCSHAPEREPRESENTATION(#11,'Body','Tessellation',(#65));
#67=IFCPRODUCTDEFINITIONSHAPE($,$,(#66));
#68=IFCFOOTING('1$QmBgY9HFKAkfPwEiiCvx',$,'Semelle isol\X2\00E9\X0\e P2B',$,$,$,#78,$,$);
#69=IFCCARTESIANPOINTLIST3D(((8400.,8400.,-1200.),(9600.,8400.,-1200.),(9600.,9600.,-1200.),(8400.,9600.,-1200.),(8400.,8400.,-700.),(9600.,8400.,-700.),(9600.,9600.,-700.),(8400.,9600.,-700.)));
#70=IFCINDEXEDPOLYGONALFACE((1,4,3,2));
#71=IFCINDEXEDPOLYGONALFACE((5,6,7,8));
#72=IFCINDEXEDPOLYGONALFACE((1,2,6,5));
#73=IFCINDEXEDPOLYGONALFACE((2,3,7,6));
#74=IFCINDEXEDPOLYGONALFACE((3,4,8,7));
#75=IFCINDEXEDPOLYGONALFACE((4,1,5,8));
#76=IFCPOLYGONALFACESET(#69,$,(#70,#71,#72,#73,#74,#75),$);
#77=IFCSHAPEREPRESENTATION(#11,'Body','Tessellation',(#76));
#78=IFCPRODUCTDEFINITIONSHAPE($,$,(#77));
#79=IFCFOOTING('0vrmk_lTPAA9W$_7pcOewO',$,'Semelle isol\X2\00E9\X0\e P2C',$,$,$,#89,$,$);
#80=IFCCARTESIANPOINTLIST3D(((8400.,17400.,-1200.),(9600.,17400.,-1200.),(9600.,18599.999999999996,-1200.),(8400.,18599.999999999996,-1200.),(8400.,17400.,-700.),(9600.,17400.,-700.),(9600.,18599.999999999996,-700.),(8400.,18599.999999999996,-700.)));
#81=IFCINDEXEDPOLYGONALFACE((1,4,3,2));
#82=IFCINDEXEDPOLYGONALFACE((5,6,7,8));
#83=IFCINDEXEDPOLYGONALFACE((1,2,6,5));
#84=IFCINDEXEDPOLYGONALFACE((2,3,7,6));
#85=IFCINDEXEDPOLYGONALFACE((3,4,8,7));
#86=IFCINDEXEDPOLYGONALFACE((4,1,5,8));
#87=IFCPOLYGONALFACESET(#80,$,(#81,#82,#83,#84,#85,#86),$);
#88=IFCSHAPEREPRESENTATION(#11,'Body','Tessellation',(#87));
#89=IFCPRODUCTDEFINITIONSHAPE($,$,(#88));
#90=IFCFOOTING('3f7JM9tmT2egaYoopzEXL1',$,'Semelle isol\X2\00E9\X0\e P3A',$,$,$,#100,$,$);
#91=IFCCARTESIANPOINTLIST3D(((17400.,-600.,-1200.),(18599.999999999996,-600.,-1200.),(18599.999999999996,600.,-1200.),(17400.,600.,-1200.),(17400.,-600.,-700.),(18599.999999999996,-600.,-700.),(18599.999999999996,600.,-700.),(17400.,600.,-700.)));
#92=IFCINDEXEDPOLYGONALFACE((1,4,3,2));
#93=IFCINDEXEDPOLYGONALFACE((5,6,7,8));
#94=IFCINDEXEDPOLYGONALFACE((1,2,6,5));
#95=IFCINDEXEDPOLYGONALFACE((2,3,7,6));
#96=IFCINDEXEDPOLYGONALFACE((3,4,8,7));
#97=IFCINDEXEDPOLYGONALFACE((4,1,5,8));
#98=IFCPOLYGONALFACESET(#91,$,(#92,#93,#94,#95,#96,#97),$);
#99=IFCSHAPEREPRESENTATION(#11,'Body','Tessellation',(#98));
#100=IFCPRODUCTDEFINITIONSHAPE($,$,(#99));
#101=IFCFOOTING('2QpAqNTEL5MuUbbLvOOPZ_',$,'Semelle isol\X2\00E9\X0\e P3B',$,$,$,#111,$,$);
#102=IFCCARTESIANPOINTLIST3D(((17400.,8400.,-1200.),(18599.999999999996,8400.,-1200.),(18599.999999999996,9600.,-1200.),(17400.,9600.,-1200.),(17400.,8400.,-700.),(18599.999999999996,8400.,-700.),(18599.999999999996,9600.,-700.),(17400.,9600.,-700.)));
#103=IFCINDEXEDPOLYGONALFACE((1,4,3,2));
#104=IFCINDEXEDPOLYGONALFACE((5,6,7,8));
#105=IFCINDEXEDPOLYGONALFACE((1,2,6,5));
#106=IFCINDEXEDPOLYGONALFACE((2,3,7,6));
#107=IFCINDEXEDPOLYGONALFACE((3,4,8,7));
#108=IFCINDEXEDPOLYGONALFACE((4,1,5,8));
#109=IFCPOLYGONALFACESET(#102,$,(#103,#104,#105,#106,#107,#108),$);
#110=IFCSHAPEREPRESENTATION(#11,'Body','Tessellation',(#109));
#111=IFCPRODUCTDEFINITIONSHAPE($,$,(#110));
#112=IFCFOOTING('0JxOfkVpn5X9CnP4MYCVrN',$,'Semelle isol\X2\00E9\X0\e P3C',$,$,$,#122,$,$);
#113=IFCCARTESIANPOINTLIST3D(((17400.,17400.,-1200.),(18599.999999999996,17400.,-1200.),(18599.999999999996,18599.999999999996,-1200.),(17400.,18599.999999999996,-1200.),(17400.,17400.,-700.),(18599.999999999996,17400.,-700.),(18599.999999999996,18599.999999999996,-700.),(17400.,18599.999999999996,-700.)));
#114=IFCINDEXEDPOLYGONALFACE((1,4,3,2));
#115=IFCINDEXEDPOLYGONALFACE((5,6,7,8));
#116=IFCINDEXEDPOLYGONALFACE((1,2,6,5));
#117=IFCINDEXEDPOLYGONALFACE((2,3,7,6));
#118=IFCINDEXEDPOLYGONALFACE((3,4,8,7));
#119=IFCINDEXEDPOLYGONALFACE((4,1,5,8));
#120=IFCPOLYGONALFACESET(#113,$,(#114,#115,#116,#117,#118,#119),$);
#121=IFCSHAPEREPRESENTATION(#11,'Body','Tessellation',(#120));
#122=IFCPRODUCTDEFINITIONSHAPE($,$,(#121));
#123=IFCFOOTING('1UFEnJvgrCGwX4HZkpEVUJ',$,'Semelle isol\X2\00E9\X0\e P4A',$,$,$,#133,$,$);
#124=IFCCARTESIANPOINTLIST3D(((26400.,-600.,-1200.),(27599.999999999996,-600.,-1200.),(27599.999999999996,600.,-1200.),(26400.,600.,-1200.),(26400.,-600.,-700.),(27599.999999999996,-600.,-700.),(27599.999999999996,600.,-700.),(26400.,600.,-700.)));
#125=IFCINDEXEDPOLYGONALFACE((1,4,3,2));
#126=IFCINDEXEDPOLYGONALFACE((5,6,7,8));
#127=IFCINDEXEDPOLYGONALFACE((1,2,6,5));
#128=IFCINDEXEDPOLYGONALFACE((2,3,7,6));
#129=IFCINDEXEDPOLYGONALFACE((3,4,8,7));
#130=IFCINDEXEDPOLYGONALFACE((4,1,5,8));
#131=IFCPOLYGONALFACESET(#124,$,(#125,#126,#127,#128,#129,#130),$);
#132=IFCSHAPEREPRESENTATION(#11,'Body','Tessellation',(#131));
#133=IFCPRODUCTDEFINITIONSHAPE($,$,(#132));
#134=IFCFOOTING('1z9_sVZPD2t8OB1EOoUUvi',$,'Semelle isol\X2\00E9\X0\e P4B',$,$,$,#144,$,$);
#135=IFCCARTESIANPOINTLIST3D(((26400.,8400.,-1200.),(27599.999999999996,8400.,-1200.),(27599.999999999996,9600.,-1200.),(26400.,9600.,-1200.),(26400.,8400.,-700.),(27599.999999999996,8400.,-700.),(27599.999999999996,9600.,-700.),(26400.,9600.,-700.)));
#136=IFCINDEXEDPOLYGONALFACE((1,4,3,2));
#137=IFCINDEXEDPOLYGONALFACE((5,6,7,8));
#138=IFCINDEXEDPOLYGONALFACE((1,2,6,5));
#139=IFCINDEXEDPOLYGONALFACE((2,3,7,6));
#140=IFCINDEXEDPOLYGONALFACE((3,4,8,7));
#141=IFCINDEXEDPOLYGONALFACE((4,1,5,8));
#142=IFCPOLYGONALFACESET(#135,$,(#136,#137,#138,#139,#140,#141),$);
#143=IFCSHAPEREPRESENTATION(#11,'Body','Tessellation',(#142));
#144=IFCPRODUCTDEFINITIONSHAPE($,$,(#143));
#145=IFCFOOTING('3MPZd95pb1ewjFjgQBMnGx',$,'Semelle isol\X2\00E9\X0\e P4C',$,$,$,#155,$,$);
#146=IFCCARTESIANPOINTLIST3D(((26400.,17400.,-1200.),(27599.999999999996,17400.,-1200.),(27599.999999999996,18599.999999999996,-1200.),(26400.,18599.999999999996,-1200.),(26400.,17400.,-700.),(27599.999999999996,17400.,-700.),(27599.999999999996,18599.999999999996,-700.),(26400.,18599.999999999996,-700.)));
#147=IFCINDEXEDPOLYGONALFACE((1,4,3,2));
#148=IFCINDEXEDPOLYGONALFACE((5,6,7,8));
#149=IFCINDEXEDPOLYGONALFACE((1,2,6,5));
#150=IFCINDEXEDPOLYGONALFACE((2,3,7,6));
#151=IFCINDEXEDPOLYGONALFACE((3,4,8,7));
#152=IFCINDEXEDPOLYGONALFACE((4,1,5,8));
#153=IFCPOLYGONALFACESET(#146,$,(#147,#148,#149,#150,#151,#152),$);
#154=IFCSHAPEREPRESENTATION(#11,'Body','Tessellation',(#153));
#155=IFCPRODUCTDEFINITIONSHAPE($,$,(#154));
#156=IFCFOOTING('1d30Tvw8j58gErcGSoocdq',$,'Semelle isol\X2\00E9\X0\e P5A',$,$,$,#166,$,$);
#157=IFCCARTESIANPOINTLIST3D(((35400.,-600.,-1200.),(36600.,-600.,-1200.),(36600.,600.,-1200.),(35400.,600.,-1200.),(35400.,-600.,-700.),(36600.,-600.,-700.),(36600.,600.,-700.),(35400.,600.,-700.)));
#158=IFCINDEXEDPOLYGONALFACE((1,4,3,2));
#159=IFCINDEXEDPOLYGONALFACE((5,6,7,8));
#160=IFCINDEXEDPOLYGONALFACE((1,2,6,5));
#161=IFCINDEXEDPOLYGONALFACE((2,3,7,6));
#162=IFCINDEXEDPOLYGONALFACE((3,4,8,7));
#163=IFCINDEXEDPOLYGONALFACE((4,1,5,8));
#164=IFCPOLYGONALFACESET(#157,$,(#158,#159,#160,#161,#162,#163),$);
#165=IFCSHAPEREPRESENTATION(#11,'Body','Tessellation',(#164));
#166=IFCPRODUCTDEFINITIONSHAPE($,$,(#165));
#167=IFCFOOTING('2Fc1_1K1T2FOGXK0tSocUc',$,'Semelle isol\X2\00E9\X0\e P5B',$,$,$,#177,$,$);
#168=IFCCARTESIANPOINTLIST3D(((35400.,8400.,-1200.),(36600.,8400.,-1200.),(36600.,9600.,-1200.),(35400.,9600.,-1200.),(35400.,8400.,-700.),(36600.,8400.,-700.),(36600.,9600.,-700.),(35400.,9600.,-700.)));
#169=IFCINDEXEDPOLYGONALFACE((1,4,3,2));
#170=IFCINDEXEDPOLYGONALFACE((5,6,7,8));
#171=IFCINDEXEDPOLYGONALFACE((1,2,6,5));
#172=IFCINDEXEDPOLYGONALFACE((2,3,7,6));
#173=IFCINDEXEDPOLYGONALFACE((3,4,8,7));
#174=IFCINDEXEDPOLYGONALFACE((4,1,5,8));
#175=IFCPOLYGONALFACESET(#168,$,(#169,#170,#171,#172,#173,#174),$);
#176=IFCSHAPEREPRESENTATION(#11,'Body','Tessellation',(#175));
#177=IFCPRODUCTDEFINITIONSHAPE($,$,(#176));
#178=IFCFOOTING('2bvPejMSzE$ej2Dtwf5Hkx',$,'Semelle isol\X2\00E9\X0\e P5C',$,$,$,#188,$,$);
#179=IFCCARTESIANPOINTLIST3D(((35400.,17400.,-1200.),(36600.,17400.,-1200.),(36600.,18599.999999999996,-1200.),(35400.,18599.999999999996,-1200.),(35400.,17400.,-700.),(36600.,17400.,-700.),(36600.,18599.999999999996,-700.),(35400.,18599.999999999996,-700.)));
#180=IFCINDEXEDPOLYGONALFACE((1,4,3,2));
#181=IFCINDEXEDPOLYGONALFACE((5,6,7,8));
#182=IFCINDEXEDPOLYGONALFACE((1,2,6,5));
#183=IFCINDEXEDPOLYGONALFACE((2,3,7,6));
#184=IFCINDEXEDPOLYGONALFACE((3,4,8,7));
#185=IFCINDEXEDPOLYGONALFACE((4,1,5,8));
#186=IFCPOLYGONALFACESET(#179,$,(#180,#181,#182,#183,#184,#185),$);
#187=IFCSHAPEREPRESENTATION(#11,'Body','Tessellation',(#186));
#188=IFCPRODUCTDEFINITIONSHAPE($,$,(#187));
#189=IFCFOOTING('0A3DIrFo17qPhzNaZWimS5',$,'Semelle filante nord',$,$,$,#199,$,$);
#190=IFCCARTESIANPOINTLIST3D(((0.,17700.,-1200.),(36000.,17700.,-1200.),(36000.,18300.,-1200.),(0.,18300.,-1200.),(0.,17700.,-799.9999999999999),(36000.,17700.,-799.9999999999999),(36000.,18300.,-799.9999999999999),(0.,18300.,-799.9999999999999)));
#191=IFCINDEXEDPOLYGONALFACE((1,4,3,2));
#192=IFCINDEXEDPOLYGONALFACE((5,6,7,8));
#193=IFCINDEXEDPOLYGONALFACE((1,2,6,5));
#194=IFCINDEXEDPOLYGONALFACE((2,3,7,6));
#195=IFCINDEXEDPOLYGONALFACE((3,4,8,7));
#196=IFCINDEXEDPOLYGONALFACE((4,1,5,8));
#197=IFCPOLYGONALFACESET(#190,$,(#191,#192,#193,#194,#195,#196),$);
#198=IFCSHAPEREPRESENTATION(#11,'Body','Tessellation',(#197));
#199=IFCPRODUCTDEFINITIONSHAPE($,$,(#198));
#200=IFCFOOTING('3vev0bOZ11C8H4eHhYAdc2',$,'Semelle filante sud',$,$,$,#210,$,$);
#201=IFCCARTESIANPOINTLIST3D(((0.,-300.,-1200.),(36000.,-300.,-1200.),(36000.,300.,-1200.),(0.,300.,-1200.),(0.,-300.,-799.9999999999999),(36000.,-300.,-799.9999999999999),(36000.,300.,-799.9999999999999),(0.,300.,-799.9999999999999)));
#202=IFCINDEXEDPOLYGONALFACE((1,4,3,2));
#203=IFCINDEXEDPOLYGONALFACE((5,6,7,8));
#204=IFCINDEXEDPOLYGONALFACE((1,2,6,5));
#205=IFCINDEXEDPOLYGONALFACE((2,3,7,6));
#206=IFCINDEXEDPOLYGONALFACE((3,4,8,7));
#207=IFCINDEXEDPOLYGONALFACE((4,1,5,8));
#208=IFCPOLYGONALFACESET(#201,$,(#202,#203,#204,#205,#206,#207),$);
#209=IFCSHAPEREPRESENTATION(#11,'Body','Tessellation',(#208));
#210=IFCPRODUCTDEFINITIONSHAPE($,$,(#209));
#211=IFCFOOTING('2BtGlMkpvAPgUODllvoBXo',$,'Semelle filante est',$,$,$,#221,$,$);
#212=IFCCARTESIANPOINTLIST3D(((35700.,0.,-1200.),(36300.00000000001,0.,-1200.),(36300.00000000001,18000.,-1200.),(35700.,18000.,-1200.),(35700.,0.,-799.9999999999999),(36300.00000000001,0.,-799.9999999999999),(36300.00000000001,18000.,-799.9999999999999),(35700.,18000.,-799.9999999999999)));
#213=IFCINDEXEDPOLYGONALFACE((1,4,3,2));
#214=IFCINDEXEDPOLYGONALFACE((5,6,7,8));
#215=IFCINDEXEDPOLYGONALFACE((1,2,6,5));
#216=IFCINDEXEDPOLYGONALFACE((2,3,7,6));
#217=IFCINDEXEDPOLYGONALFACE((3,4,8,7));
#218=IFCINDEXEDPOLYGONALFACE((4,1,5,8));
#219=IFCPOLYGONALFACESET(#212,$,(#213,#214,#215,#216,#217,#218),$);
#220=IFCSHAPEREPRESENTATION(#11,'Body','Tessellation',(#219));
#221=IFCPRODUCTDEFINITIONSHAPE($,$,(#220));
#222=IFCFOOTING('1JJ$1F7vX1SRWGc0m7MBge',$,'Semelle filante ouest',$,$,$,#232,$,$);
#223=IFCCARTESIANPOINTLIST3D(((-300.,0.,-1200.),(300.,0.,-1200.),(300.,18000.,-1200.),(-300.,18000.,-1200.),(-300.,0.,-799.9999999999999),(300.,0.,-799.9999999999999),(300.,18000.,-799.9999999999999),(-300.,18000.,-799.9999999999999)));
#224=IFCINDEXEDPOLYGONALFACE((1,4,3,2));
#225=IFCINDEXEDPOLYGONALFACE((5,6,7,8));
#226=IFCINDEXEDPOLYGONALFACE((1,2,6,5));
#227=IFCINDEXEDPOLYGONALFACE((2,3,7,6));
#228=IFCINDEXEDPOLYGONALFACE((3,4,8,7));
#229=IFCINDEXEDPOLYGONALFACE((4,1,5,8));
#230=IFCPOLYGONALFACESET(#223,$,(#224,#225,#226,#227,#228,#229),$);
#231=IFCSHAPEREPRESENTATION(#11,'Body','Tessellation',(#230));
#232=IFCPRODUCTDEFINITIONSHAPE($,$,(#231));
#233=IFCBEAM('3iAIRs1LT8Yg4NnmcQ3XNg',$,'Longrine file A',$,$,$,#243,$,$);
#234=IFCCARTESIANPOINTLIST3D(((0.,-150.,-700.),(36000.,-150.,-700.),(36000.,150.,-700.),(0.,150.,-700.),(0.,-150.,-199.99999999999994),(36000.,-150.,-199.99999999999994),(36000.,150.,-199.99999999999994),(0.,150.,-199.99999999999994)));
#235=IFCINDEXEDPOLYGONALFACE((1,4,3,2));
#236=IFCINDEXEDPOLYGONALFACE((5,6,7,8));
#237=IFCINDEXEDPOLYGONALFACE((1,2,6,5));
#238=IFCINDEXEDPOLYGONALFACE((2,3,7,6));
#239=IFCINDEXEDPOLYGONALFACE((3,4,8,7));
#240=IFCINDEXEDPOLYGONALFACE((4,1,5,8));
#241=IFCPOLYGONALFACESET(#234,$,(#235,#236,#237,#238,#239,#240),$);
#242=IFCSHAPEREPRESENTATION(#11,'Body','Tessellation',(#241));
#243=IFCPRODUCTDEFINITIONSHAPE($,$,(#242));
#244=IFCBEAM('0YxaRVnBX8qwFbp7dbBoAd',$,'Longrine file B',$,$,$,#254,$,$);
#245=IFCCARTESIANPOINTLIST3D(((0.,8850.,-700.),(36000.,8850.,-700.),(36000.,9150.,-700.),(0.,9150.,-700.),(0.,8850.,-199.99999999999994),(36000.,8850.,-199.99999999999994),(36000.,9150.,-199.99999999999994),(0.,9150.,-199.99999999999994)));
#246=IFCINDEXEDPOLYGONALFACE((1,4,3,2));
#247=IFCINDEXEDPOLYGONALFACE((5,6,7,8));
#248=IFCINDEXEDPOLYGONALFACE((1,2,6,5));
#249=IFCINDEXEDPOLYGONALFACE((2,3,7,6));
#250=IFCINDEXEDPOLYGONALFACE((3,4,8,7));
#251=IFCINDEXEDPOLYGONALFACE((4,1,5,8));
#252=IFCPOLYGONALFACESET(#245,$,(#246,#247,#248,#249,#250,#251),$);
#253=IFCSHAPEREPRESENTATION(#11,'Body','Tessellation',(#252));
#254=IFCPRODUCTDEFINITIONSHAPE($,$,(#253));
#255=IFCBEAM('1Ik4_G909DVvnC5ItpEmPM',$,'Longrine file C',$,$,$,#265,$,$);
#256=IFCCARTESIANPOINTLIST3D(((0.,17850.,-700.),(36000.,17850.,-700.),(36000.,18150.000000000004,-700.),(0.,18150.000000000004,-700.),(0.,17850.,-199.99999999999994),(36000.,17850.,-199.99999999999994),(36000.,18150.000000000004,-199.99999999999994),(0.,18150.000000000004,-199.99999999999994)));
#257=IFCINDEXEDPOLYGONALFACE((1,4,3,2));
#258=IFCINDEXEDPOLYGONALFACE((5,6,7,8));
#259=IFCINDEXEDPOLYGONALFACE((1,2,6,5));
#260=IFCINDEXEDPOLYGONALFACE((2,3,7,6));
#261=IFCINDEXEDPOLYGONALFACE((3,4,8,7));
#262=IFCINDEXEDPOLYGONALFACE((4,1,5,8));
#263=IFCPOLYGONALFACESET(#256,$,(#257,#258,#259,#260,#261,#262),$);
#264=IFCSHAPEREPRESENTATION(#11,'Body','Tessellation',(#263));
#265=IFCPRODUCTDEFINITIONSHAPE($,$,(#264));
#266=IFCSLAB('0bitf6dCr4tAa_y6w2v$OB',$,'Dallage sur terre-plein',$,$,$,#276,$,$);
#267=IFCCARTESIANPOINTLIST3D(((0.,0.,-150.),(36000.,0.,-150.),(36000.,18000.,-150.),(0.,18000.,-150.),(0.,0.,0.),(36000.,0.,0.),(36000.,18000.,0.),(0.,18000.,0.)));
#268=IFCINDEXEDPOLYGONALFACE((1,4,3,2));
#269=IFCINDEXEDPOLYGONALFACE((5,6,7,8));
#270=IFCINDEXEDPOLYGONALFACE((1,2,6,5));
#271=IFCINDEXEDPOLYGONALFACE((2,3,7,6));
#272=IFCINDEXEDPOLYGONALFACE((3,4,8,7));
#273=IFCINDEXEDPOLYGONALFACE((4,1,5,8));
#274=IFCPOLYGONALFACESET(#267,$,(#268,#269,#270,#271,#272,#273),$);
#275=IFCSHAPEREPRESENTATION(#11,'Body','Tessellation',(#274));
#276=IFCPRODUCTDEFINITIONSHAPE($,$,(#275));
#277=IFCRELCONTAINEDINSPATIALSTRUCTURE('3sNS4pkr5CHgc_zsspVoX3',$,$,$,(#895,#641,#388,#774,#520,#266,#906,#652,#399,#785,#531,#917,#278,#663,#410,#796,#542,#928,#289,#421,#807,#553,#939,#300,#686,#432,#818,#564,#311,#697,#443,#829,#575,#322,#708,#454,#840,#586,#333,#719,#465,#851,#597,#344,#730,#476,#862,#608,#355,#741,#487,#873,#619,#366,#752,#498,#884,#630,#377,#763,#509),#18);
#278=IFCCOLUMN('0icoKmFpX3ZRuBngqb$fAM',$,'Poteau P1A RDC',$,$,$,#288,$,$);
#279=IFCCARTESIANPOINTLIST3D(((-150.,-150.,0.),(150.,-150.,0.),(150.,150.,0.),(-150.,150.,0.),(-150.,-150.,2800.),(150.,-150.,2800.),(150.,150.,2800.),(-150.,150.,2800.)));
#280=IFCINDEXEDPOLYGONALFACE((1,4,3,2));
#281=IFCINDEXEDPOLYGONALFACE((5,6,7,8));
#282=IFCINDEXEDPOLYGONALFACE((1,2,6,5));
#283=IFCINDEXEDPOLYGONALFACE((2,3,7,6));
#284=IFCINDEXEDPOLYGONALFACE((3,4,8,7));
#285=IFCINDEXEDPOLYGONALFACE((4,1,5,8));
#286=IFCPOLYGONALFACESET(#279,$,(#280,#281,#282,#283,#284,#285),$);
#287=IFCSHAPEREPRESENTATION(#11,'Body','Tessellation',(#286));
#288=IFCPRODUCTDEFINITIONSHAPE($,$,(#287));
#289=IFCCOLUMN('2a$6bRxkz9VOycZykRlaLF',$,'Poteau P1B RDC',$,$,$,#299,$,$);
#290=IFCCARTESIANPOINTLIST3D(((-150.,8850.,0.),(150.,8850.,0.),(150.,9150.,0.),(-150.,9150.,0.),(-150.,8850.,2800.),(150.,8850.,2800.),(150.,9150.,2800.),(-150.,9150.,2800.)));
#291=IFCINDEXEDPOLYGONALFACE((1,4,3,2));
#292=IFCINDEXEDPOLYGONALFACE((5,6,7,8));
#293=IFCINDEXEDPOLYGONALFACE((1,2,6,5));
#294=IFCINDEXEDPOLYGONALFACE((2,3,7,6));
#295=IFCINDEXEDPOLYGONALFACE((3,4,8,7));
#296=IFCINDEXEDPOLYGONALFACE((4,1,5,8));
#297=IFCPOLYGONALFACESET(#290,$,(#291,#292,#293,#294,#295,#296),$);
#298=IFCSHAPEREPRESENTATION(#11,'Body','Tessellation',(#297));
#299=IFCPRODUCTDEFINITIONSHAPE($,$,(#298));
#300=IFCCOLUMN('0QnNG8QgD2kuS$9yLXDhAo',$,'Poteau P1C RDC',$,$,$,#310,$,$);
#301=IFCCARTESIANPOINTLIST3D(((-150.,17850.,0.),(150.,17850.,0.),(150.,18150.000000000004,0.),(-150.,18150.000000000004,0.),(-150.,17850.,2800.),(150.,17850.,2800.),(150.,18150.000000000004,2800.),(-150.,18150.000000000004,2800.)));
#302=IFCINDEXEDPOLYGONALFACE((1,4,3,2));
#303=IFCINDEXEDPOLYGONALFACE((5,6,7,8));
#304=IFCINDEXEDPOLYGONALFACE((1,2,6,5));
#305=IFCINDEXEDPOLYGONALFACE((2,3,7,6));
#306=IFCINDEXEDPOLYGONALFACE((3,4,8,7));
#307=IFCINDEXEDPOLYGONALFACE((4,1,5,8));
#308=IFCPOLYGONALFACESET(#301,$,(#302,#303,#304,#305,#306,#307),$);
#309=IFCSHAPEREPRESENTATION(#11,'Body','Tessellation',(#308));
#310=IFCPRODUCTDEFINITIONSHAPE($,$,(#309));
#311=IFCCOLUMN('3buSPR3R15Zv6WzoBGvEFS',$,'Poteau P2A RDC',$,$,$,#321,$,$);
#312=IFCCARTESIANPOINTLIST3D(((8850.,-150.,0.),(9150.,-150.,0.),(9150.,150.,0.),(8850.,150.,0.),(8850.,-150.,2800.),(9150.,-150.,2800.),(9150.,150.,2800.),(8850.,150.,2800.)));
#313=IFCINDEXEDPOLYGONALFACE((1,4,3,2));
#314=IFCINDEXEDPOLYGONALFACE((5,6,7,8));
#315=IFCINDEXEDPOLYGONALFACE((1,2,6,5));
#316=IFCINDEXEDPOLYGONALFACE((2,3,7,6));
#317=IFCINDEXEDPOLYGONALFACE((3,4,8,7));
#318=IFCINDEXEDPOLYGONALFACE((4,1,5,8));
#319=IFCPOLYGONALFACESET(#312,$,(#313,#314,#315,#316,#317,#318),$);
#320=IFCSHAPEREPRESENTATION(#11,'Body','Tessellation',(#319));
#321=IFCPRODUCTDEFINITIONSHAPE($,$,(#320));
#322=IFCCOLUMN('0Be60T2vf6zv4mUhzNa1H5',$,'Poteau P2B RDC',$,$,$,#332,$,$);
#323=IFCCARTESIANPOINTLIST3D(((8850.,8850.,0.),(9150.,8850.,0.),(9150.,9150.,0.),(8850.,9150.,0.),(8850.,8850.,2800.),(9150.,8850.,2800.),(9150.,9150.,2800.),(8850.,9150.,2800.)));
#324=IFCINDEXEDPOLYGONALFACE((1,4,3,2));
#325=IFCINDEXEDPOLYGONALFACE((5,6,7,8));
#326=IFCINDEXEDPOLYGONALFACE((1,2,6,5));
#327=IFCINDEXEDPOLYGONALFACE((2,3,7,6));
#328=IFCINDEXEDPOLYGONALFACE((3,4,8,7));
#329=IFCINDEXEDPOLYGONALFACE((4,1,5,8));
#330=IFCPOLYGONALFACESET(#323,$,(#324,#325,#326,#327,#328,#329),$);
#331=IFCSHAPEREPRESENTATION(#11,'Body','Tessellation',(#330));
#332=IFCPRODUCTDEFINITIONSHAPE($,$,(#331));
#333=IFCCOLUMN('2dU0H0wGL33AZZ3TDczVR$',$,'Poteau P2C RDC',$,$,$,#343,$,$);
#334=IFCCARTESIANPOINTLIST3D(((8850.,17850.,0.),(9150.,17850.,0.),(9150.,18150.000000000004,0.),(8850.,18150.000000000004,0.),(8850.,17850.,2800.),(9150.,17850.,2800.),(9150.,18150.000000000004,2800.),(8850.,18150.000000000004,2800.)));
#335=IFCINDEXEDPOLYGONALFACE((1,4,3,2));
#336=IFCINDEXEDPOLYGONALFACE((5,6,7,8));
#337=IFCINDEXEDPOLYGONALFACE((1,2,6,5));
#338=IFCINDEXEDPOLYGONALFACE((2,3,7,6));
#339=IFCINDEXEDPOLYGONALFACE((3,4,8,7));
#340=IFCINDEXEDPOLYGONALFACE((4,1,5,8));
#341=IFCPOLYGONALFACESET(#334,$,(#335,#336,#337,#338,#339,#340),$);
#342=IFCSHAPEREPRESENTATION(#11,'Body','Tessellation',(#341));
#343=IFCPRODUCTDEFINITIONSHAPE($,$,(#342));
#344=IFCCOLUMN('3bPxKGPXL0ygZwP8w4yKEj',$,'Poteau P3A RDC',$,$,$,#354,$,$);
#345=IFCCARTESIANPOINTLIST3D(((17850.,-150.,0.),(18150.000000000004,-150.,0.),(18150.000000000004,150.,0.),(17850.,150.,0.),(17850.,-150.,2800.),(18150.000000000004,-150.,2800.),(18150.000000000004,150.,2800.),(17850.,150.,2800.)));
#346=IFCINDEXEDPOLYGONALFACE((1,4,3,2));
#347=IFCINDEXEDPOLYGONALFACE((5,6,7,8));
#348=IFCINDEXEDPOLYGONALFACE((1,2,6,5));
#349=IFCINDEXEDPOLYGONALFACE((2,3,7,6));
#350=IFCINDEXEDPOLYGONALFACE((3,4,8,7));
#351=IFCINDEXEDPOLYGONALFACE((4,1,5,8));
#352=IFCPOLYGONALFACESET(#345,$,(#346,#347,#348,#349,#350,#351),$);
#353=IFCSHAPEREPRESENTATION(#11,'Body','Tessellation',(#352));
#354=IFCPRODUCTDEFINITIONSHAPE($,$,(#353));
#355=IFCCOLUMN('2eMHEVdg53DeT2E6veVY3M',$,'Poteau P3B RDC',$,$,$,#365,$,$);
#356=IFCCARTESIANPOINTLIST3D(((17850.,8850.,0.),(18150.000000000004,8850.,0.),(18150.000000000004,9150.,0.),(17850.,9150.,0.),(17850.,8850.,2800.),(18150.000000000004,8850.,2800.),(18150.000000000004,9150.,2800.),(17850.,9150.,2800.)));
#357=IFCINDEXEDPOLYGONALFACE((1,4,3,2));
#358=IFCINDEXEDPOLYGONALFACE((5,6,7,8));
#359=IFCINDEXEDPOLYGONALFACE((1,2,6,5));
#360=IFCINDEXEDPOLYGONALFACE((2,3,7,6));
#361=IFCINDEXEDPOLYGONALFACE((3,4,8,7));
#362=IFCINDEXEDPOLYGONALFACE((4,1,5,8));
#363=IFCPOLYGONALFACESET(#356,$,(#357,#358,#359,#360,#361,#362),$);
#364=IFCSHAPEREPRESENTATION(#11,'Body','Tessellation',(#363));
#365=IFCPRODUCTDEFINITIONSHAPE($,$,(#364));
#366=IFCCOLUMN('3Z6b1KfMb6QuA2$ABZLAPy',$,'Poteau P3C RDC',$,$,$,#376,$,$);
#367=IFCCARTESIANPOINTLIST3D(((17850.,17850.,0.),(18150.000000000004,17850.,0.),(18150.000000000004,18150.000000000004,0.),(17850.,18150.000000000004,0.),(17850.,17850.,2800.),(18150.000000000004,17850.,2800.),(18150.000000000004,18150.000000000004,2800.),(17850.,18150.000000000004,2800.)));
#368=IFCINDEXEDPOLYGONALFACE((1,4,3,2));
#369=IFCINDEXEDPOLYGONALFACE((5,6,7,8));
#370=IFCINDEXEDPOLYGONALFACE((1,2,6,5));
#371=IFCINDEXEDPOLYGONALFACE((2,3,7,6));
#372=IFCINDEXEDPOLYGONALFACE((3,4,8,7));
#373=IFCINDEXEDPOLYGONALFACE((4,1,5,8));
#374=IFCPOLYGONALFACESET(#367,$,(#368,#369,#370,#371,#372,#373),$);
#375=IFCSHAPEREPRESENTATION(#11,'Body','Tessellation',(#374));
#376=IFCPRODUCTDEFINITIONSHAPE($,$,(#375));
#377=IFCCOLUMN('1DnJQqWRP9gwtG69I_p1fr',$,'Poteau P4A RDC',$,$,$,#387,$,$);
#378=IFCCARTESIANPOINTLIST3D(((26850.,-150.,0.),(27150.000000000004,-150.,0.),(27150.000000000004,150.,0.),(26850.,150.,0.),(26850.,-150.,2800.),(27150.000000000004,-150.,2800.),(27150.000000000004,150.,2800.),(26850.,150.,2800.)));
#379=IFCINDEXEDPOLYGONALFACE((1,4,3,2));
#380=IFCINDEXEDPOLYGONALFACE((5,6,7,8));
#381=IFCINDEXEDPOLYGONALFACE((1,2,6,5));
#382=IFCINDEXEDPOLYGONALFACE((2,3,7,6));
#383=IFCINDEXEDPOLYGONALFACE((3,4,8,7));
#384=IFCINDEXEDPOLYGONALFACE((4,1,5,8));
#385=IFCPOLYGONALFACESET(#378,$,(#379,#380,#381,#382,#383,#384),$);
#386=IFCSHAPEREPRESENTATION(#11,'Body','Tessellation',(#385));
#387=IFCPRODUCTDEFINITIONSHAPE($,$,(#386));
#388=IFCCOLUMN('04J$4rSrHASOiHx77Mz1p7',$,'Poteau P4B RDC',$,$,$,#398,$,$);
#389=IFCCARTESIANPOINTLIST3D(((26850.,8850.,0.),(27150.000000000004,8850.,0.),(27150.000000000004,9150.,0.),(26850.,9150.,0.),(26850.,8850.,2800.),(27150.000000000004,8850.,2800.),(27150.000000000004,9150.,2800.),(26850.,9150.,2800.)));
#390=IFCINDEXEDPOLYGONALFACE((1,4,3,2));
#391=IFCINDEXEDPOLYGONALFACE((5,6,7,8));
#392=IFCINDEXEDPOLYGONALFACE((1,2,6,5));
#393=IFCINDEXEDPOLYGONALFACE((2,3,7,6));
#394=IFCINDEXEDPOLYGONALFACE((3,4,8,7));
#395=IFCINDEXEDPOLYGONALFACE((4,1,5,8));
#396=IFCPOLYGONALFACESET(#389,$,(#390,#391,#392,#393,#394,#395),$);
#397=IFCSHAPEREPRESENTATION(#11,'Body','Tessellation',(#396));
#398=IFCPRODUCTDEFINITIONSHAPE($,$,(#397));
#399=IFCCOLUMN('32W0t4bGf1fwy2IMvizdHL',$,'Poteau P4C RDC',$,$,$,#409,$,$);
#400=IFCCARTESIANPOINTLIST3D(((26850.,17850.,0.),(27150.000000000004,17850.,0.),(27150.000000000004,18150.000000000004,0.),(26850.,18150.000000000004,0.),(26850.,17850.,2800.),(27150.000000000004,17850.,2800.),(27150.000000000004,18150.000000000004,2800.),(26850.,18150.000000000004,2800.)));
#401=IFCINDEXEDPOLYGONALFACE((1,4,3,2));
#402=IFCINDEXEDPOLYGONALFACE((5,6,7,8));
#403=IFCINDEXEDPOLYGONALFACE((1,2,6,5));
#404=IFCINDEXEDPOLYGONALFACE((2,3,7,6));
#405=IFCINDEXEDPOLYGONALFACE((3,4,8,7));
#406=IFCINDEXEDPOLYGONALFACE((4,1,5,8));
#407=IFCPOLYGONALFACESET(#400,$,(#401,#402,#403,#404,#405,#406),$);
#408=IFCSHAPEREPRESENTATION(#11,'Body','Tessellation',(#407));
#409=IFCPRODUCTDEFINITIONSHAPE($,$,(#408));
#410=IFCCOLUMN('2ZcPj3A9X2LhYMUHyfwpuP',$,'Poteau P5A RDC',$,$,$,#420,$,$);
#411=IFCCARTESIANPOINTLIST3D(((35850.,-150.,0.),(36150.,-150.,0.),(36150.,150.,0.),(35850.,150.,0.),(35850.,-150.,2800.),(36150.,-150.,2800.),(36150.,150.,2800.),(35850.,150.,2800.)));
#412=IFCINDEXEDPOLYGONALFACE((1,4,3,2));
#413=IFCINDEXEDPOLYGONALFACE((5,6,7,8));
#414=IFCINDEXEDPOLYGONALFACE((1,2,6,5));
#415=IFCINDEXEDPOLYGONALFACE((2,3,7,6));
#416=IFCINDEXEDPOLYGONALFACE((3,4,8,7));
#417=IFCINDEXEDPOLYGONALFACE((4,1,5,8));
#418=IFCPOLYGONALFACESET(#411,$,(#412,#413,#414,#415,#416,#417),$);
#419=IFCSHAPEREPRESENTATION(#11,'Body','Tessellation',(#418));
#420=IFCPRODUCTDEFINITIONSHAPE($,$,(#419));
#421=IFCCOLUMN('09b8ydLqP0qfMbnbikD37p',$,'Poteau P5B RDC',$,$,$,#431,$,$);
#422=IFCCARTESIANPOINTLIST3D(((35850.,8850.,0.),(36150.,8850.,0.),(36150.,9150.,0.),(35850.,9150.,0.),(35850.,8850.,2800.),(36150.,8850.,2800.),(36150.,9150.,2800.),(35850.,9150.,2800.)));
#423=IFCINDEXEDPOLYGONALFACE((1,4,3,2));
#424=IFCINDEXEDPOLYGONALFACE((5,6,7,8));
#425=IFCINDEXEDPOLYGONALFACE((1,2,6,5));
#426=IFCINDEXEDPOLYGONALFACE((2,3,7,6));
#427=IFCINDEXEDPOLYGONALFACE((3,4,8,7));
#428=IFCINDEXEDPOLYGONALFACE((4,1,5,8));
#429=IFCPOLYGONALFACESET(#422,$,(#423,#424,#425,#426,#427,#428),$);
#430=IFCSHAPEREPRESENTATION(#11,'Body','Tessellation',(#429));
#431=IFCPRODUCTDEFINITIONSHAPE($,$,(#430));
#432=IFCCOLUMN('2j9C0ALcH8Wg4rBPFldiXX',$,'Poteau P5C RDC',$,$,$,#442,$,$);
#433=IFCCARTESIANPOINTLIST3D(((35850.,17850.,0.),(36150.,17850.,0.),(36150.,18150.000000000004,0.),(35850.,18150.000000000004,0.),(35850.,17850.,2800.),(36150.,17850.,2800.),(36150.,18150.000000000004,2800.),(35850.,18150.000000000004,2800.)));
#434=IFCINDEXEDPOLYGONALFACE((1,4,3,2));
#435=IFCINDEXEDPOLYGONALFACE((5,6,7,8));
#436=IFCINDEXEDPOLYGONALFACE((1,2,6,5));
#437=IFCINDEXEDPOLYGONALFACE((2,3,7,6));
#438=IFCINDEXEDPOLYGONALFACE((3,4,8,7));
#439=IFCINDEXEDPOLYGONALFACE((4,1,5,8));
#440=IFCPOLYGONALFACESET(#433,$,(#434,#435,#436,#437,#438,#439),$);
#441=IFCSHAPEREPRESENTATION(#11,'Body','Tessellation',(#440));
#442=IFCPRODUCTDEFINITIONSHAPE($,$,(#441));
#443=IFCWALL('2Cht5SKpT9kA4OHQpQWCBO',$,'Voile de fa\X2\00E7\X0\ade nord RDC',$,$,$,#453,$,$);
#444=IFCCARTESIANPOINTLIST3D(((0.,17800.,0.),(36000.,17800.,0.),(36000.,18000.,0.),(0.,18000.,0.),(0.,17800.,2800.),(36000.,17800.,2800.),(36000.,18000.,2800.),(0.,18000.,2800.)));
#445=IFCINDEXEDPOLYGONALFACE((1,4,3,2));
#446=IFCINDEXEDPOLYGONALFACE((5,6,7,8));
#447=IFCINDEXEDPOLYGONALFACE((1,2,6,5));
#448=IFCINDEXEDPOLYGONALFACE((2,3,7,6));
#449=IFCINDEXEDPOLYGONALFACE((3,4,8,7));
#450=IFCINDEXEDPOLYGONALFACE((4,1,5,8));
#451=IFCPOLYGONALFACESET(#444,$,(#445,#446,#447,#448,#449,#450),$);
#452=IFCSHAPEREPRESENTATION(#11,'Body','Tessellation',(#451));
#453=IFCPRODUCTDEFINITIONSHAPE($,$,(#452));
#454=IFCWALL('3aeL9Woa9DIeLTJwcpoWmM',$,'Voile de fa\X2\00E7\X0\ade sud RDC',$,$,$,#464,$,$);
#455=IFCCARTESIANPOINTLIST3D(((0.,0.,0.),(36000.,0.,0.),(36000.,200.,0.),(0.,200.,0.),(0.,0.,2800.),(36000.,0.,2800.),(36000.,200.,2800.),(0.,200.,2800.)));
#456=IFCINDEXEDPOLYGONALFACE((1,4,3,2));
#457=IFCINDEXEDPOLYGONALFACE((5,6,7,8));
#458=IFCINDEXEDPOLYGONALFACE((1,2,6,5));
#459=IFCINDEXEDPOLYGONALFACE((2,3,7,6));
#460=IFCINDEXEDPOLYGONALFACE((3,4,8,7));
#461=IFCINDEXEDPOLYGONALFACE((4,1,5,8));
#462=IFCPOLYGONALFACESET(#455,$,(#456,#457,#458,#459,#460,#461),$);
#463=IFCSHAPEREPRESENTATION(#11,'Body','Tessellation',(#462));
#464=IFCPRODUCTDEFINITIONSHAPE($,$,(#463));
#465=IFCWALL('2EWT6i1$P2s8y6pGWKWDn3',$,'Voile pignon est RDC',$,$,$,#475,$,$);
#466=IFCCARTESIANPOINTLIST3D(((35800.,0.,0.),(36000.,0.,0.),(36000.,18000.,0.),(35800.,18000.,0.),(35800.,0.,2800.),(36000.,0.,2800.),(36000.,18000.,2800.),(35800.,18000.,2800.)));
#467=IFCINDEXEDPOLYGONALFACE((1,4,3,2));
#468=IFCINDEXEDPOLYGONALFACE((5,6,7,8));
#469=IFCINDEXEDPOLYGONALFACE((1,2,6,5));
#470=IFCINDEXEDPOLYGONALFACE((2,3,7,6));
#471=IFCINDEXEDPOLYGONALFACE((3,4,8,7));
#472=IFCINDEXEDPOLYGONALFACE((4,1,5,8));
#473=IFCPOLYGONALFACESET(#466,$,(#467,#468,#469,#470,#471,#472),$);
#474=IFCSHAPEREPRESENTATION(#11,'Body','Tessellation',(#473));
#475=IFCPRODUCTDEFINITIONSHAPE($,$,(#474));
#476=IFCWALL('3fulDwy31F_BHYxOAiEGsH',$,'Voile pignon ouest RDC',$,$,$,#486,$,$);
#477=IFCCARTESIANPOINTLIST3D(((0.,0.,0.),(200.,0.,0.),(200.,18000.,0.),(0.,18000.,0.),(0.,0.,2800.),(200.,0.,2800.),(200.,18000.,2800.),(0.,18000.,2800.)));
#478=IFCINDEXEDPOLYGONALFACE((1,4,3,2));
#479=IFCINDEXEDPOLYGONALFACE((5,6,7,8));
#480=IFCINDEXEDPOLYGONALFACE((1,2,6,5));
#481=IFCINDEXEDPOLYGONALFACE((2,3,7,6));
#482=IFCINDEXEDPOLYGONALFACE((3,4,8,7));
#483=IFCINDEXEDPOLYGONALFACE((4,1,5,8));
#484=IFCPOLYGONALFACESET(#477,$,(#478,#479,#480,#481,#482,#483),$);
#485=IFCSHAPEREPRESENTATION(#11,'Body','Tessellation',(#484));
#486=IFCPRODUCTDEFINITIONSHAPE($,$,(#485));
#487=IFCWALL('1wV5opsdD6GRysevFCKJAe',$,'Voile cage d''escalier nord RDC',$,$,$,#497,$,$);
#488=IFCCARTESIANPOINTLIST3D(((16000.,10300.,0.),(20000.,10300.,0.),(20000.,10500.,0.),(16000.,10500.,0.),(16000.,10300.,2800.),(20000.,10300.,2800.),(20000.,10500.,2800.),(16000.,10500.,2800.)));
#489=IFCINDEXEDPOLYGONALFACE((1,4,3,2));
#490=IFCINDEXEDPOLYGONALFACE((5,6,7,8));
#491=IFCINDEXEDPOLYGONALFACE((1,2,6,5));
#492=IFCINDEXEDPOLYGONALFACE((2,3,7,6));
#493=IFCINDEXEDPOLYGONALFACE((3,4,8,7));
#494=IFCINDEXEDPOLYGONALFACE((4,1,5,8));
#495=IFCPOLYGONALFACESET(#488,$,(#489,#490,#491,#492,#493,#494),$);
#496=IFCSHAPEREPRESENTATION(#11,'Body','Tessellation',(#495));
#497=IFCPRODUCTDEFINITIONSHAPE($,$,(#496));
#498=IFCWALL('1TkLZRJFfCWvAceMyACSXA',$,'Voile cage d''escalier sud RDC',$,$,$,#508,$,$);
#499=IFCCARTESIANPOINTLIST3D(((16000.,7500.,0.),(20000.,7500.,0.),(20000.,7700.,0.),(16000.,7700.,0.),(16000.,7500.,2800.),(20000.,7500.,2800.),(20000.,7700.,2800.),(16000.,7700.,2800.)));
#500=IFCINDEXEDPOLYGONALFACE((1,4,3,2));
#501=IFCINDEXEDPOLYGONALFACE((5,6,7,8));
#502=IFCINDEXEDPOLYGONALFACE((1,2,6,5));
#503=IFCINDEXEDPOLYGONALFACE((2,3,7,6));
#504=IFCINDEXEDPOLYGONALFACE((3,4,8,7));
#505=IFCINDEXEDPOLYGONALFACE((4,1,5,8));
#506=IFCPOLYGONALFACESET(#499,$,(#500,#501,#502,#503,#504,#505),$);
#507=IFCSHAPEREPRESENTATION(#11,'Body','Tessellation',(#506));
#508=IFCPRODUCTDEFINITIONSHAPE($,$,(#507));
#509=IFCWALL('1MYaF7Orf9PO8_bMQG5B$6',$,'Voile cage d''escalier est RDC',$,$,$,#519,$,$);
#510=IFCCARTESIANPOINTLIST3D(((19800.,7500.,0.),(20000.,7500.,0.),(20000.,10500.,0.),(19800.,10500.,0.),(19800.,7500.,2800.),(20000.,7500.,2800.),(20000.,10500.,2800.),(19800.,10500.,2800.)));
#511=IFCINDEXEDPOLYGONALFACE((1,4,3,2));
#512=IFCINDEXEDPOLYGONALFACE((5,6,7,8));
#513=IFCINDEXEDPOLYGONALFACE((1,2,6,5));
#514=IFCINDEXEDPOLYGONALFACE((2,3,7,6));
#515=IFCINDEXEDPOLYGONALFACE((3,4,8,7));
#516=IFCINDEXEDPOLYGONALFACE((4,1,5,8));
#517=IFCPOLYGONALFACESET(#510,$,(#511,#512,#513,#514,#515,#516),$);
#518=IFCSHAPEREPRESENTATION(#11,'Body','Tessellation',(#517));
#519=IFCPRODUCTDEFINITIONSHAPE($,$,(#518));
#520=IFCWALL('0w_YcRpBLDmAmEOvwdRc4h',$,'Voile cage d''escalier ouest RDC',$,$,$,#530,$,$);
#521=IFCCARTESIANPOINTLIST3D(((16000.,7500.,0.),(16200.,7500.,0.),(16200.,10500.,0.),(16000.,10500.,0.),(16000.,7500.,2800.),(16200.,7500.,2800.),(16200.,10500.,2800.),(16000.,10500.,2800.)));
#522=IFCINDEXEDPOLYGONALFACE((1,4,3,2));
#523=IFCINDEXEDPOLYGONALFACE((5,6,7,8));
#524=IFCINDEXEDPOLYGONALFACE((1,2,6,5));
#525=IFCINDEXEDPOLYGONALFACE((2,3,7,6));
#526=IFCINDEXEDPOLYGONALFACE((3,4,8,7));
#527=IFCINDEXEDPOLYGONALFACE((4,1,5,8));
#528=IFCPOLYGONALFACESET(#521,$,(#522,#523,#524,#525,#526,#527),$);
#529=IFCSHAPEREPRESENTATION(#11,'Body','Tessellation',(#528));
#530=IFCPRODUCTDEFINITIONSHAPE($,$,(#529));
#531=IFCWALL('0oleU$dSPDXO33w5EHqdSi',$,'Mur en agglom\X2\00E9\X0\r\X2\00E9\X0\s x9 RDC',$,$,$,#541,$,$);
#532=IFCCARTESIANPOINTLIST3D(((8900.,200.,0.),(9100.,200.,0.),(9100.,7500.,0.),(8900.,7500.,0.),(8900.,200.,2800.),(9100.,200.,2800.),(9100.,7500.,2800.),(8900.,7500.,2800.)));
#533=IFCINDEXEDPOLYGONALFACE((1,4,3,2));
#534=IFCINDEXEDPOLYGONALFACE((5,6,7,8));
#535=IFCINDEXEDPOLYGONALFACE((1,2,6,5));
#536=IFCINDEXEDPOLYGONALFACE((2,3,7,6));
#537=IFCINDEXEDPOLYGONALFACE((3,4,8,7));
#538=IFCINDEXEDPOLYGONALFACE((4,1,5,8));
#539=IFCPOLYGONALFACESET(#532,$,(#533,#534,#535,#536,#537,#538),$);
#540=IFCSHAPEREPRESENTATION(#11,'Body','Tessellation',(#539));
#541=IFCPRODUCTDEFINITIONSHAPE($,$,(#540));
#542=IFCWALL('0zQGv5s1T4zAVPMFonyqiB',$,'Mur en agglom\X2\00E9\X0\r\X2\00E9\X0\s x9 RDC',$,$,$,#552,$,$);
#543=IFCCARTESIANPOINTLIST3D(((8900.,10500.,0.),(9100.,10500.,0.),(9100.,17800.,0.),(8900.,17800.,0.),(8900.,10500.,2800.),(9100.,10500.,2800.),(9100.,17800.,2800.),(8900.,17800.,2800.)));
#544=IFCINDEXEDPOLYGONALFACE((1,4,3,2));
#545=IFCINDEXEDPOLYGONALFACE((5,6,7,8));
#546=IFCINDEXEDPOLYGONALFACE((1,2,6,5));
#547=IFCINDEXEDPOLYGONALFACE((2,3,7,6));
#548=IFCINDEXEDPOLYGONALFACE((3,4,8,7));
#549=IFCINDEXEDPOLYGONALFACE((4,1,5,8));
#550=IFCPOLYGONALFACESET(#543,$,(#544,#545,#546,#547,#548,#549),$);
#551=IFCSHAPEREPRESENTATION(#11,'Body','Tessellation',(#550));
#552=IFCPRODUCTDEFINITIONSHAPE($,$,(#551));
#553=IFCWALL('2ixAcuYkD41AgGBjebm4_4',$,'Mur en agglom\X2\00E9\X0\r\X2\00E9\X0\s x27 RDC',$,$,$,#563,$,$);
#554=IFCCARTESIANPOINTLIST3D(((26900.,200.,0.),(27099.999999999996,200.,0.),(27099.999999999996,7500.,0.),(26900.,7500.,0.),(26900.,200.,2800.),(27099.999999999996,200.,2800.),(27099.999999999996,7500.,2800.),(26900.,7500.,2800.)));
#555=IFCINDEXEDPOLYGONALFACE((1,4,3,2));
#556=IFCINDEXEDPOLYGONALFACE((5,6,7,8));
#557=IFCINDEXEDPOLYGONALFACE((1,2,6,5));
#558=IFCINDEXEDPOLYGONALFACE((2,3,7,6));
#559=IFCINDEXEDPOLYGONALFACE((3,4,8,7));
#560=IFCINDEXEDPOLYGONALFACE((4,1,5,8));
#561=IFCPOLYGONALFACESET(#554,$,(#555,#556,#557,#558,#559,#560),$);
#562=IFCSHAPEREPRESENTATION(#11,'Body','Tessellation',(#561));
#563=IFCPRODUCTDEFINITIONSHAPE($,$,(#562));
#564=IFCWALL('2U_CqGF9jDfBZyP89TnoRR',$,'Mur en agglom\X2\00E9\X0\r\X2\00E9\X0\s x27 RDC',$,$,$,#574,$,$);
#565=IFCCARTESIANPOINTLIST3D(((26900.,10500.,0.),(27099.999999999996,10500.,0.),(27099.999999999996,17800.,0.),(26900.,17800.,0.),(26900.,10500.,2800.),(27099.999999999996,10500.,2800.),(27099.999999999996,17800.,2800.),(26900.,17800.,2800.)));
#566=IFCINDEXEDPOLYGONALFACE((1,4,3,2));
#567=IFCINDEXEDPOLYGONALFACE((5,6,7,8));
#568=IFCINDEXEDPOLYGONALFACE((1,2,6,5));
#569=IFCINDEXEDPOLYGONALFACE((2,3,7,6));
#570=IFCINDEXEDPOLYGONALFACE((3,4,8,7));
#571=IFCINDEXEDPOLYGONALFACE((4,1,5,8));
#572=IFCPOLYGONALFACESET(#565,$,(#566,#567,#568,#569,#570,#571),$);
#573=IFCSHAPEREPRESENTATION(#11,'Body','Tessellation',(#572));
#574=IFCPRODUCTDEFINITIONSHAPE($,$,(#573));
#575=IFCWALL('1dOdaBP6500AfpqCClp3nk',$,'Cloison de distribution x4.5 RDC',$,$,$,#585,$,$);
#576=IFCCARTESIANPOINTLIST3D(((4460.,200.,0.),(4540.,200.,0.),(4540.,4200.,0.),(4460.,4200.,0.),(4460.,200.,2800.),(4540.,200.,2800.),(4540.,4200.,2800.),(4460.,4200.,2800.)));
#577=IFCINDEXEDPOLYGONALFACE((1,4,3,2));
#578=IFCINDEXEDPOLYGONALFACE((5,6,7,8));
#579=IFCINDEXEDPOLYGONALFACE((1,2,6,5));
#580=IFCINDEXEDPOLYGONALFACE((2,3,7,6));
#581=IFCINDEXEDPOLYGONALFACE((3,4,8,7));
#582=IFCINDEXEDPOLYGONALFACE((4,1,5,8));
#583=IFCPOLYGONALFACESET(#576,$,(#577,#578,#579,#580,#581,#582),$);
#584=IFCSHAPEREPRESENTATION(#11,'Body','Tessellation',(#583));
#585=IFCPRODUCTDEFINITIONSHAPE($,$,(#584));
#586=IFCWALL('2Jns_y2wn1iR4OVAlsI__k',$,'Cloison de distribution x4.5 RDC',$,$,$,#596,$,$);
#587=IFCCARTESIANPOINTLIST3D(((4460.,10500.,0.),(4540.,10500.,0.),(4540.,14500.,0.),(4460.,14500.,0.),(4460.,10500.,2800.),(4540.,10500.,2800.),(4540.,14500.,2800.),(4460.,14500.,2800.)));
#588=IFCINDEXEDPOLYGONALFACE((1,4,3,2));
#589=IFCINDEXEDPOLYGONALFACE((5,6,7,8));
#590=IFCINDEXEDPOLYGONALFACE((1,2,6,5));
#591=IFCINDEXEDPOLYGONALFACE((2,3,7,6));
#592=IFCINDEXEDPOLYGONALFACE((3,4,8,7));
#593=IFCINDEXEDPOLYGONALFACE((4,1,5,8));
#594=IFCPOLYGONALFACESET(#587,$,(#588,#589,#590,#591,#592,#593),$);
#595=IFCSHAPEREPRESENTATION(#11,'Body','Tessellation',(#594));
#596=IFCPRODUCTDEFINITIONSHAPE($,$,(#595));
#597=IFCWALL('0beJpcmwDCdByeWR1T0Kzo',$,'Cloison de distribution x13.5 RDC',$,$,$,#607,$,$);
#598=IFCCARTESIANPOINTLIST3D(((13460.,200.,0.),(13540.000000000002,200.,0.),(13540.000000000002,4200.,0.),(13460.,4200.,0.),(13460.,200.,2800.),(13540.000000000002,200.,2800.),(13540.000000000002,4200.,2800.),(13460.,4200.,2800.)));
#599=IFCINDEXEDPOLYGONALFACE((1,4,3,2));
#600=IFCINDEXEDPOLYGONALFACE((5,6,7,8));
#601=IFCINDEXEDPOLYGONALFACE((1,2,6,5));
#602=IFCINDEXEDPOLYGONALFACE((2,3,7,6));
#603=IFCINDEXEDPOLYGONALFACE((3,4,8,7));
#604=IFCINDEXEDPOLYGONALFACE((4,1,5,8));
#605=IFCPOLYGONALFACESET(#598,$,(#599,#600,#601,#602,#603,#604),$);
#606=IFCSHAPEREPRESENTATION(#11,'Body','Tessellation',(#605));
#607=IFCPRODUCTDEFINITIONSHAPE($,$,(#606));
#608=IFCWALL('3ZdOw5gy14iPZL7MANKXhv',$,'Cloison de distribution x13.5 RDC',$,$,$,#618,$,$);
#609=IFCCARTESIANPOINTLIST3D(((13460.,10500.,0.),(13540.000000000002,10500.,0.),(13540.000000000002,14500.,0.),(13460.,14500.,0.),(13460.,10500.,2800.),(13540.000000000002,10500.,2800.),(13540.000000000002,14500.,2800.),(13460.,14500.,2800.)));
#610=IFCINDEXEDPOLYGONALFACE((1,4,3,2));
#611=IFCINDEXEDPOLYGONALFACE((5,6,7,8));
#612=IFCINDEXEDPOLYGONALFACE((1,2,6,5));
#613=IFCINDEXEDPOLYGONALFACE((2,3,7,6));
#614=IFCINDEXEDPOLYGONALFACE((3,4,8,7));
#615=IFCINDEXEDPOLYGONALFACE((4,1,5,8));
#616=IFCPOLYGONALFACESET(#609,$,(#610,#611,#612,#613,#614,#615),$);
#617=IFCSHAPEREPRESENTATION(#11,'Body','Tessellation',(#616));
#618=IFCPRODUCTDEFINITIONSHAPE($,$,(#617));
#619=IFCWALL('0I6rtBsGP1i9eSFLQRi8oK',$,'Cloison de distribution x22.5 RDC',$,$,$,#629,$,$);
#620=IFCCARTESIANPOINTLIST3D(((22460.,200.,0.),(22540.,200.,0.),(22540.,4200.,0.),(22460.,4200.,0.),(22460.,200.,2800.),(22540.,200.,2800.),(22540.,4200.,2800.),(22460.,4200.,2800.)));
#621=IFCINDEXEDPOLYGONALFACE((1,4,3,2));
#622=IFCINDEXEDPOLYGONALFACE((5,6,7,8));
#623=IFCINDEXEDPOLYGONALFACE((1,2,6,5));
#624=IFCINDEXEDPOLYGONALFACE((2,3,7,6));
#625=IFCINDEXEDPOLYGONALFACE((3,4,8,7));
#626=IFCINDEXEDPOLYGONALFACE((4,1,5,8));
#627=IFCPOLYGONALFACESET(#620,$,(#621,#622,#623,#624,#625,#626),$);
#628=IFCSHAPEREPRESENTATION(#11,'Body','Tessellation',(#627));
#629=IFCPRODUCTDEFINITIONSHAPE($,$,(#628));
#630=IFCWALL('1x0U4xcVjB$h25749oK7d3',$,'Cloison de distribution x22.5 RDC',$,$,$,#640,$,$);
#631=IFCCARTESIANPOINTLIST3D(((22460.,10500.,0.),(22540.,10500.,0.),(22540.,14500.,0.),(22460.,14500.,0.),(22460.,10500.,2800.),(22540.,10500.,2800.),(22540.,14500.,2800.),(22460.,14500.,2800.)));
#632=IFCINDEXEDPOLYGONALFACE((1,4,3,2));
#633=IFCINDEXEDPOLYGONALFACE((5,6,7,8));
#634=IFCINDEXEDPOLYGONALFACE((1,2,6,5));
#635=IFCINDEXEDPOLYGONALFACE((2,3,7,6));
#636=IFCINDEXEDPOLYGONALFACE((3,4,8,7));
#637=IFCINDEXEDPOLYGONALFACE((4,1,5,8));
#638=IFCPOLYGONALFACESET(#631,$,(#632,#633,#634,#635,#636,#637),$);
#639=IFCSHAPEREPRESENTATION(#11,'Body','Tessellation',(#638));
#640=IFCPRODUCTDEFINITIONSHAPE($,$,(#639));
#641=IFCWALL('3T9boeWQH549BQhC$3$ukv',$,'Cloison de distribution x31.5 RDC',$,$,$,#651,$,$);
#642=IFCCARTESIANPOINTLIST3D(((31460.,200.,0.),(31540.,200.,0.),(31540.,4200.,0.),(31460.,4200.,0.),(31460.,200.,2800.),(31540.,200.,2800.),(31540.,4200.,2800.),(31460.,4200.,2800.)));
#643=IFCINDEXEDPOLYGONALFACE((1,4,3,2));
#644=IFCINDEXEDPOLYGONALFACE((5,6,7,8));
#645=IFCINDEXEDPOLYGONALFACE((1,2,6,5));
#646=IFCINDEXEDPOLYGONALFACE((2,3,7,6));
#647=IFCINDEXEDPOLYGONALFACE((3,4,8,7));
#648=IFCINDEXEDPOLYGONALFACE((4,1,5,8));
#649=IFCPOLYGONALFACESET(#642,$,(#643,#644,#645,#646,#647,#648),$);
#650=IFCSHAPEREPRESENTATION(#11,'Body','Tessellation',(#649));
#651=IFCPRODUCTDEFINITIONSHAPE($,$,(#650));
#652=IFCWALL('3O9ybubXX5eQu8BTl1FJhL',$,'Cloison de distribution x31.5 RDC',$,$,$,#662,$,$);
#653=IFCCARTESIANPOINTLIST3D(((31460.,10500.,0.),(31540.,10500.,0.),(31540.,14500.,0.),(31460.,14500.,0.),(31460.,10500.,2800.),(31540.,10500.,2800.),(31540.,14500.,2800.),(31460.,14500.,2800.)));
#654=IFCINDEXEDPOLYGONALFACE((1,4,3,2));
#655=IFCINDEXEDPOLYGONALFACE((5,6,7,8));
#656=IFCINDEXEDPOLYGONALFACE((1,2,6,5));
#657=IFCINDEXEDPOLYGONALFACE((2,3,7,6));
#658=IFCINDEXEDPOLYGONALFACE((3,4,8,7));
#659=IFCINDEXEDPOLYGONALFACE((4,1,5,8));
#660=IFCPOLYGONALFACESET(#653,$,(#654,#655,#656,#657,#658,#659),$);
#661=IFCSHAPEREPRESENTATION(#11,'Body','Tessellation',(#660));
#662=IFCPRODUCTDEFINITIONSHAPE($,$,(#661));
#663=IFCSTAIR('3At7wLwIH6XvZ3GtQo0Tg1',$,'Escalier RDC',$,$,$,#673,$,$);
#664=IFCCARTESIANPOINTLIST3D(((16200.,7700.,0.),(19800.,7700.,0.),(19800.,10300.,0.),(16200.,10300.,0.),(16200.,7700.,3000.),(19800.,7700.,3000.),(19800.,10300.,3000.),(16200.,10300.,3000.)));
#665=IFCINDEXEDPOLYGONALFACE((1,4,3,2));
#666=IFCINDEXEDPOLYGONALFACE((5,6,7,8));
#667=IFCINDEXEDPOLYGONALFACE((1,2,6,5));
#668=IFCINDEXEDPOLYGONALFACE((2,3,7,6));
#669=IFCINDEXEDPOLYGONALFACE((3,4,8,7));
#670=IFCINDEXEDPOLYGONALFACE((4,1,5,8));
#671=IFCPOLYGONALFACESET(#664,$,(#665,#666,#667,#668,#669,#670),$);
#672=IFCSHAPEREPRESENTATION(#11,'Body','Tessellation',(#671));
#673=IFCPRODUCTDEFINITIONSHAPE($,$,(#672));
#674=IFCSLAB('3EezaRI459NOAGI7L4VZxZ',$,'Plancher haut du rez-de-chauss\X2\00E9\X0\e',$,$,$,#684,$,$);
#675=IFCCARTESIANPOINTLIST3D(((0.,0.,2800.),(36000.,0.,2800.),(36000.,18000.,2800.),(0.,18000.,2800.),(0.,0.,3000.),(36000.,0.,3000.),(36000.,18000.,3000.),(0.,18000.,3000.)));
#676=IFCINDEXEDPOLYGONALFACE((1,4,3,2));
#677=IFCINDEXEDPOLYGONALFACE((5,6,7,8));
#678=IFCINDEXEDPOLYGONALFACE((1,2,6,5));
#679=IFCINDEXEDPOLYGONALFACE((2,3,7,6));
#680=IFCINDEXEDPOLYGONALFACE((3,4,8,7));
#681=IFCINDEXEDPOLYGONALFACE((4,1,5,8));
#682=IFCPOLYGONALFACESET(#675,$,(#676,#677,#678,#679,#680,#681),$);
#683=IFCSHAPEREPRESENTATION(#11,'Body','Tessellation',(#682));
#684=IFCPRODUCTDEFINITIONSHAPE($,$,(#683));
#685=IFCRELCONTAINEDINSPATIALSTRUCTURE('3M2K1rSVD1mBb1ck$5TaPb',$,$,$,(#1534,#1280,#1027,#1545,#1291,#1038,#1556,#1302,#1049,#1567,#1313,#1060,#1578,#1324,#1071,#1589,#1335,#1082,#1600,#1093,#1611,#1358,#1104,#1622,#1369,#1115,#1633,#1380,#1126,#1644,#1391,#1137,#1655,#1402,#1148,#1413,#1159,#1424,#1170,#1435,#1181,#674,#1446,#1192,#1457,#1203,#950,#1468,#1214,#961,#1479,#1225,#972,#1490,#1236,#983,#1501,#1247,#994,#1512,#1258,#1005,#1523,#1269,#1016),#19);
#686=IFCWINDOW('1wd6N5OAfCwRYrfwlBrnWH',$,'Fen\X2\00EA\X0\tre aluminium sud 1 RDC',$,$,$,#696,$,$,$,$,$,$);
#687=IFCCARTESIANPOINTLIST3D(((1500.,-20.,900.),(2900.,-20.,900.),(2900.,220.,900.),(1500.,220.,900.),(1500.,-20.,2200.),(2900.,-20.,2200.),(2900.,220.,2200.),(1500.,220.,2200.)));
#688=IFCINDEXEDPOLYGONALFACE((1,4,3,2));
#689=IFCINDEXEDPOLYGONALFACE((5,6,7,8));
#690=IFCINDEXEDPOLYGONALFACE((1,2,6,5));
#691=IFCINDEXEDPOLYGONALFACE((2,3,7,6));
#692=IFCINDEXEDPOLYGONALFACE((3,4,8,7));
#693=IFCINDEXEDPOLYGONALFACE((4,1,5,8));
#694=IFCPOLYGONALFACESET(#687,$,(#688,#689,#690,#691,#692,#693),$);
#695=IFCSHAPEREPRESENTATION(#11,'Body','Tessellation',(#694));
#696=IFCPRODUCTDEFINITIONSHAPE($,$,(#695));
#697=IFCWINDOW('3G_ymuk$j1AQTCANARHkT4',$,'Fen\X2\00EA\X0\tre aluminium nord 1 RDC',$,$,$,#707,$,$,$,$,$,$);
#698=IFCCARTESIANPOINTLIST3D(((1500.,17780.,900.),(2900.,17780.,900.),(2900.,18020.,900.),(1500.,18020.,900.),(1500.,17780.,2200.),(2900.,17780.,2200.),(2900.,18020.,2200.),(1500.,18020.,2200.)));
#699=IFCINDEXEDPOLYGONALFACE((1,4,3,2));
#700=IFCINDEXEDPOLYGONALFACE((5,6,7,8));
#701=IFCINDEXEDPOLYGONALFACE((1,2,6,5));
#702=IFCINDEXEDPOLYGONALFACE((2,3,7,6));
#703=IFCINDEXEDPOLYGONALFACE((3,4,8,7));
#704=IFCINDEXEDPOLYGONALFACE((4,1,5,8));
#705=IFCPOLYGONALFACESET(#698,$,(#699,#700,#701,#702,#703,#704),$);
#706=IFCSHAPEREPRESENTATION(#11,'Body','Tessellation',(#705));
#707=IFCPRODUCTDEFINITIONSHAPE($,$,(#706));
#708=IFCWINDOW('3$TjqPCAv6xPPJMzUmZ8_c',$,'Fen\X2\00EA\X0\tre aluminium sud 2 RDC',$,$,$,#718,$,$,$,$,$,$);
#709=IFCCARTESIANPOINTLIST3D(((6000.,-20.,900.),(7400.,-20.,900.),(7400.,220.,900.),(6000.,220.,900.),(6000.,-20.,2200.),(7400.,-20.,2200.),(7400.,220.,2200.),(6000.,220.,2200.)));
#710=IFCINDEXEDPOLYGONALFACE((1,4,3,2));
#711=IFCINDEXEDPOLYGONALFACE((5,6,7,8));
#712=IFCINDEXEDPOLYGONALFACE((1,2,6,5));
#713=IFCINDEXEDPOLYGONALFACE((2,3,7,6));
#714=IFCINDEXEDPOLYGONALFACE((3,4,8,7));
#715=IFCINDEXEDPOLYGONALFACE((4,1,5,8));
#716=IFCPOLYGONALFACESET(#709,$,(#710,#711,#712,#713,#714,#715),$);
#717=IFCSHAPEREPRESENTATION(#11,'Body','Tessellation',(#716));
#718=IFCPRODUCTDEFINITIONSHAPE($,$,(#717));
#719=IFCWINDOW('2aSbPZZWf6bO9QcgML4dOa',$,'Fen\X2\00EA\X0\tre aluminium nord 2 RDC',$,$,$,#729,$,$,$,$,$,$);
#720=IFCCARTESIANPOINTLIST3D(((6000.,17780.,900.),(7400.,17780.,900.),(7400.,18020.,900.),(6000.,18020.,900.),(6000.,17780.,2200.),(7400.,17780.,2200.),(7400.,18020.,2200.),(6000.,18020.,2200.)));
#721=IFCINDEXEDPOLYGONALFACE((1,4,3,2));
#722=IFCINDEXEDPOLYGONALFACE((5,6,7,8));
#723=IFCINDEXEDPOLYGONALFACE((1,2,6,5));
#724=IFCINDEXEDPOLYGONALFACE((2,3,7,6));
#725=IFCINDEXEDPOLYGONALFACE((3,4,8,7));
#726=IFCINDEXEDPOLYGONALFACE((4,1,5,8));
#727=IFCPOLYGONALFACESET(#720,$,(#721,#722,#723,#724,#725,#726),$);
#728=IFCSHAPEREPRESENTATION(#11,'Body','Tessellation',(#727));
#729=IFCPRODUCTDEFINITIONSHAPE($,$,(#728));
#730=IFCWINDOW('15bHxfx7rEBQY38lHTBDYI',$,'Fen\X2\00EA\X0\tre aluminium sud 3 RDC',$,$,$,#740,$,$,$,$,$,$);
#731=IFCCARTESIANPOINTLIST3D(((10500.,-20.,900.),(11900.,-20.,900.),(11900.,220.,900.),(10500.,220.,900.),(10500.,-20.,2200.),(11900.,-20.,2200.),(11900.,220.,2200.),(10500.,220.,2200.)));
#732=IFCINDEXEDPOLYGONALFACE((1,4,3,2));
#733=IFCINDEXEDPOLYGONALFACE((5,6,7,8));
#734=IFCINDEXEDPOLYGONALFACE((1,2,6,5));
#735=IFCINDEXEDPOLYGONALFACE((2,3,7,6));
#736=IFCINDEXEDPOLYGONALFACE((3,4,8,7));
#737=IFCINDEXEDPOLYGONALFACE((4,1,5,8));
#738=IFCPOLYGONALFACESET(#731,$,(#732,#733,#734,#735,#736,#737),$);
#739=IFCSHAPEREPRESENTATION(#11,'Body','Tessellation',(#738));
#740=IFCPRODUCTDEFINITIONSHAPE($,$,(#739));
#741=IFCWINDOW('2PwWVp6Z5BpOrWpCJFcniW',$,'Fen\X2\00EA\X0\tre aluminium nord 3 RDC',$,$,$,#751,$,$,$,$,$,$);
#742=IFCCARTESIANPOINTLIST3D(((10500.,17780.,900.),(11900.,17780.,900.),(11900.,18020.,900.),(10500.,18020.,900.),(10500.,17780.,2200.),(11900.,17780.,2200.),(11900.,18020.,2200.),(10500.,18020.,2200.)));
#743=IFCINDEXEDPOLYGONALFACE((1,4,3,2));
#744=IFCINDEXEDPOLYGONALFACE((5,6,7,8));
#745=IFCINDEXEDPOLYGONALFACE((1,2,6,5));
#746=IFCINDEXEDPOLYGONALFACE((2,3,7,6));
#747=IFCINDEXEDPOLYGONALFACE((3,4,8,7));
#748=IFCINDEXEDPOLYGONALFACE((4,1,5,8));
#749=IFCPOLYGONALFACESET(#742,$,(#743,#744,#745,#746,#747,#748),$);
#750=IFCSHAPEREPRESENTATION(#11,'Body','Tessellation',(#749));
#751=IFCPRODUCTDEFINITIONSHAPE($,$,(#750));
#752=IFCWINDOW('0YkkvOL1n8bRtJdlz6DqBF',$,'Fen\X2\00EA\X0\tre aluminium sud 4 RDC',$,$,$,#762,$,$,$,$,$,$);
#753=IFCCARTESIANPOINTLIST3D(((15000.,-20.,900.),(16400.,-20.,900.),(16400.,220.,900.),(15000.,220.,900.),(15000.,-20.,2200.),(16400.,-20.,2200.),(16400.,220.,2200.),(15000.,220.,2200.)));
#754=IFCINDEXEDPOLYGONALFACE((1,4,3,2));
#755=IFCINDEXEDPOLYGONALFACE((5,6,7,8));
#756=IFCINDEXEDPOLYGONALFACE((1,2,6,5));
#757=IFCINDEXEDPOLYGONALFACE((2,3,7,6));
#758=IFCINDEXEDPOLYGONALFACE((3,4,8,7));
#759=IFCINDEXEDPOLYGONALFACE((4,1,5,8));
#760=IFCPOLYGONALFACESET(#753,$,(#754,#755,#756,#757,#758,#759),$);
#761=IFCSHAPEREPRESENTATION(#11,'Body','Tessellation',(#760));
#762=IFCPRODUCTDEFINITIONSHAPE($,$,(#761));
#763=IFCWINDOW('2rOAB9NWfBePWU8UFa7cmi',$,'Fen\X2\00EA\X0\tre aluminium nord 4 RDC',$,$,$,#773,$,$,$,$,$,$);
#764=IFCCARTESIANPOINTLIST3D(((15000.,17780.,900.),(16400.,17780.,900.),(16400.,18020.,900.),(15000.,18020.,900.),(15000.,17780.,2200.),(16400.,17780.,2200.),(16400.,18020.,2200.),(15000.,18020.,2200.)));
#765=IFCINDEXEDPOLYGONALFACE((1,4,3,2));
#766=IFCINDEXEDPOLYGONALFACE((5,6,7,8));
#767=IFCINDEXEDPOLYGONALFACE((1,2,6,5));
#768=IFCINDEXEDPOLYGONALFACE((2,3,7,6));
#769=IFCINDEXEDPOLYGONALFACE((3,4,8,7));
#770=IFCINDEXEDPOLYGONALFACE((4,1,5,8));
#771=IFCPOLYGONALFACESET(#764,$,(#765,#766,#767,#768,#769,#770),$);
#772=IFCSHAPEREPRESENTATION(#11,'Body','Tessellation',(#771));
#773=IFCPRODUCTDEFINITIONSHAPE($,$,(#772));
#774=IFCWINDOW('36dbdKog94jgsHuPRrIA2n',$,'Fen\X2\00EA\X0\tre aluminium sud 5 RDC',$,$,$,#784,$,$,$,$,$,$);
#775=IFCCARTESIANPOINTLIST3D(((19500.,-20.,900.),(20900.,-20.,900.),(20900.,220.,900.),(19500.,220.,900.),(19500.,-20.,2200.),(20900.,-20.,2200.),(20900.,220.,2200.),(19500.,220.,2200.)));
#776=IFCINDEXEDPOLYGONALFACE((1,4,3,2));
#777=IFCINDEXEDPOLYGONALFACE((5,6,7,8));
#778=IFCINDEXEDPOLYGONALFACE((1,2,6,5));
#779=IFCINDEXEDPOLYGONALFACE((2,3,7,6));
#780=IFCINDEXEDPOLYGONALFACE((3,4,8,7));
#781=IFCINDEXEDPOLYGONALFACE((4,1,5,8));
#782=IFCPOLYGONALFACESET(#775,$,(#776,#777,#778,#779,#780,#781),$);
#783=IFCSHAPEREPRESENTATION(#11,'Body','Tessellation',(#782));
#784=IFCPRODUCTDEFINITIONSHAPE($,$,(#783));
#785=IFCWINDOW('1SQ_$Cjf1A2R9$o6v1meL9',$,'Fen\X2\00EA\X0\tre aluminium nord 5 RDC',$,$,$,#795,$,$,$,$,$,$);
#786=IFCCARTESIANPOINTLIST3D(((19500.,17780.,900.),(20900.,17780.,900.),(20900.,18020.,900.),(19500.,18020.,900.),(19500.,17780.,2200.),(20900.,17780.,2200.),(20900.,18020.,2200.),(19500.,18020.,2200.)));
#787=IFCINDEXEDPOLYGONALFACE((1,4,3,2));
#788=IFCINDEXEDPOLYGONALFACE((5,6,7,8));
#789=IFCINDEXEDPOLYGONALFACE((1,2,6,5));
#790=IFCINDEXEDPOLYGONALFACE((2,3,7,6));
#791=IFCINDEXEDPOLYGONALFACE((3,4,8,7));
#792=IFCINDEXEDPOLYGONALFACE((4,1,5,8));
#793=IFCPOLYGONALFACESET(#786,$,(#787,#788,#789,#790,#791,#792),$);
#794=IFCSHAPEREPRESENTATION(#11,'Body','Tessellation',(#793));
#795=IFCPRODUCTDEFINITIONSHAPE($,$,(#794));
#796=IFCWINDOW('0itNG26pn27eWfAdIMrkg7',$,'Fen\X2\00EA\X0\tre aluminium sud 6 RDC',$,$,$,#806,$,$,$,$,$,$);
#797=IFCCARTESIANPOINTLIST3D(((24000.,-20.,900.),(25400.,-20.,900.),(25400.,220.,900.),(24000.,220.,900.),(24000.,-20.,2200.),(25400.,-20.,2200.),(25400.,220.,2200.),(24000.,220.,2200.)));
#798=IFCINDEXEDPOLYGONALFACE((1,4,3,2));
#799=IFCINDEXEDPOLYGONALFACE((5,6,7,8));
#800=IFCINDEXEDPOLYGONALFACE((1,2,6,5));
#801=IFCINDEXEDPOLYGONALFACE((2,3,7,6));
#802=IFCINDEXEDPOLYGONALFACE((3,4,8,7));
#803=IFCINDEXEDPOLYGONALFACE((4,1,5,8));
#804=IFCPOLYGONALFACESET(#797,$,(#798,#799,#800,#801,#802,#803),$);
#805=IFCSHAPEREPRESENTATION(#11,'Body','Tessellation',(#804));
#806=IFCPRODUCTDEFINITIONSHAPE($,$,(#805));
#807=IFCWINDOW('14cgqsjhTDw8Xp9ryL61mr',$,'Fen\X2\00EA\X0\tre aluminium nord 6 RDC',$,$,$,#817,$,$,$,$,$,$);
#808=IFCCARTESIANPOINTLIST3D(((24000.,17780.,900.),(25400.,17780.,900.),(25400.,18020.,900.),(24000.,18020.,900.),(24000.,17780.,2200.),(25400.,17780.,2200.),(25400.,18020.,2200.),(24000.,18020.,2200.)));
#809=IFCINDEXEDPOLYGONALFACE((1,4,3,2));
#810=IFCINDEXEDPOLYGONALFACE((5,6,7,8));
#811=IFCINDEXEDPOLYGONALFACE((1,2,6,5));
#812=IFCINDEXEDPOLYGONALFACE((2,3,7,6));
#813=IFCINDEXEDPOLYGONALFACE((3,4,8,7));
#814=IFCINDEXEDPOLYGONALFACE((4,1,5,8));
#815=IFCPOLYGONALFACESET(#808,$,(#809,#810,#811,#812,#813,#814),$);
#816=IFCSHAPEREPRESENTATION(#11,'Body','Tessellation',(#815));
#817=IFCPRODUCTDEFINITIONSHAPE($,$,(#816));
#818=IFCWINDOW('0HFZjjmGjBvxTHI8fvGYgK',$,'Fen\X2\00EA\X0\tre aluminium sud 7 RDC',$,$,$,#828,$,$,$,$,$,$);
#819=IFCCARTESIANPOINTLIST3D(((28500.,-20.,900.),(29900.,-20.,900.),(29900.,220.,900.),(28500.,220.,900.),(28500.,-20.,2200.),(29900.,-20.,2200.),(29900.,220.,2200.),(28500.,220.,2200.)));
#820=IFCINDEXEDPOLYGONALFACE((1,4,3,2));
#821=IFCINDEXEDPOLYGONALFACE((5,6,7,8));
#822=IFCINDEXEDPOLYGONALFACE((1,2,6,5));
#823=IFCINDEXEDPOLYGONALFACE((2,3,7,6));
#824=IFCINDEXEDPOLYGONALFACE((3,4,8,7));
#825=IFCINDEXEDPOLYGONALFACE((4,1,5,8));
#826=IFCPOLYGONALFACESET(#819,$,(#820,#821,#822,#823,#824,#825),$);
#827=IFCSHAPEREPRESENTATION(#11,'Body','Tessellation',(#826));
#828=IFCPRODUCTDEFINITIONSHAPE($,$,(#827));
#829=IFCWINDOW('3j4JGUotz2w9jjhziWOFZ3',$,'Fen\X2\00EA\X0\tre aluminium nord 7 RDC',$,$,$,#839,$,$,$,$,$,$);
#830=IFCCARTESIANPOINTLIST3D(((28500.,17780.,900.),(29900.,17780.,900.),(29900.,18020.,900.),(28500.,18020.,900.),(28500.,17780.,2200.),(29900.,17780.,2200.),(29900.,18020.,2200.),(28500.,18020.,2200.)));
#831=IFCINDEXEDPOLYGONALFACE((1,4,3,2));
#832=IFCINDEXEDPOLYGONALFACE((5,6,7,8));
#833=IFCINDEXEDPOLYGONALFACE((1,2,6,5));
#834=IFCINDEXEDPOLYGONALFACE((2,3,7,6));
#835=IFCINDEXEDPOLYGONALFACE((3,4,8,7));
#836=IFCINDEXEDPOLYGONALFACE((4,1,5,8));
#837=IFCPOLYGONALFACESET(#830,$,(#831,#832,#833,#834,#835,#836),$);
#838=IFCSHAPEREPRESENTATION(#11,'Body','Tessellation',(#837));
#839=IFCPRODUCTDEFINITIONSHAPE($,$,(#838));
#840=IFCWINDOW('12QjTngWDCS930SwlyJuNf',$,'Fen\X2\00EA\X0\tre aluminium sud 8 RDC',$,$,$,#850,$,$,$,$,$,$);
#841=IFCCARTESIANPOINTLIST3D(((33000.,-20.,900.),(34400.,-20.,900.),(34400.,220.,900.),(33000.,220.,900.),(33000.,-20.,2200.),(34400.,-20.,2200.),(34400.,220.,2200.),(33000.,220.,2200.)));
#842=IFCINDEXEDPOLYGONALFACE((1,4,3,2));
#843=IFCINDEXEDPOLYGONALFACE((5,6,7,8));
#844=IFCINDEXEDPOLYGONALFACE((1,2,6,5));
#845=IFCINDEXEDPOLYGONALFACE((2,3,7,6));
#846=IFCINDEXEDPOLYGONALFACE((3,4,8,7));
#847=IFCINDEXEDPOLYGONALFACE((4,1,5,8));
#848=IFCPOLYGONALFACESET(#841,$,(#842,#843,#844,#845,#846,#847),$);
#849=IFCSHAPEREPRESENTATION(#11,'Body','Tessellation',(#848));
#850=IFCPRODUCTDEFINITIONSHAPE($,$,(#849));
#851=IFCWINDOW('3iOnlqihT5y8EG15JqQyGF',$,'Fen\X2\00EA\X0\tre aluminium nord 8 RDC',$,$,$,#861,$,$,$,$,$,$);
#852=IFCCARTESIANPOINTLIST3D(((33000.,17780.,900.),(34400.,17780.,900.),(34400.,18020.,900.),(33000.,18020.,900.),(33000.,17780.,2200.),(34400.,17780.,2200.),(34400.,18020.,2200.),(33000.,18020.,2200.)));
#853=IFCINDEXEDPOLYGONALFACE((1,4,3,2));
#854=IFCINDEXEDPOLYGONALFACE((5,6,7,8));
#855=IFCINDEXEDPOLYGONALFACE((1,2,6,5));
#856=IFCINDEXEDPOLYGONALFACE((2,3,7,6));
#857=IFCINDEXEDPOLYGONALFACE((3,4,8,7));
#858=IFCINDEXEDPOLYGONALFACE((4,1,5,8));
#859=IFCPOLYGONALFACESET(#852,$,(#853,#854,#855,#856,#857,#858),$);
#860=IFCSHAPEREPRESENTATION(#11,'Body','Tessellation',(#859));
#861=IFCPRODUCTDEFINITIONSHAPE($,$,(#860));
#862=IFCDOOR('1khUfGp2H3nA_o_6$Yuqbf',$,'Porte pali\X2\00E8\X0\re bois 1A RDC',$,$,$,#872,$,$,$,$,$,$);
#863=IFCCARTESIANPOINTLIST3D(((2000.,7450.,0.),(2900.,7450.,0.),(2900.,7550.,0.),(2000.,7550.,0.),(2000.,7450.,2100.),(2900.,7450.,2100.),(2900.,7550.,2100.),(2000.,7550.,2100.)));
#864=IFCINDEXEDPOLYGONALFACE((1,4,3,2));
#865=IFCINDEXEDPOLYGONALFACE((5,6,7,8));
#866=IFCINDEXEDPOLYGONALFACE((1,2,6,5));
#867=IFCINDEXEDPOLYGONALFACE((2,3,7,6));
#868=IFCINDEXEDPOLYGONALFACE((3,4,8,7));
#869=IFCINDEXEDPOLYGONALFACE((4,1,5,8));
#870=IFCPOLYGONALFACESET(#863,$,(#864,#865,#866,#867,#868,#869),$);
#871=IFCSHAPEREPRESENTATION(#11,'Body','Tessellation',(#870));
#872=IFCPRODUCTDEFINITIONSHAPE($,$,(#871));
#873=IFCDOOR('0TXCx0LrnCiuyz206U_Y8_',$,'Porte pali\X2\00E8\X0\re bois 1B RDC',$,$,$,#883,$,$,$,$,$,$);
#874=IFCCARTESIANPOINTLIST3D(((2000.,10450.,0.),(2900.,10450.,0.),(2900.,10549.999999999998,0.),(2000.,10549.999999999998,0.),(2000.,10450.,2100.),(2900.,10450.,2100.),(2900.,10549.999999999998,2100.),(2000.,10549.999999999998,2100.)));
#875=IFCINDEXEDPOLYGONALFACE((1,4,3,2));
#876=IFCINDEXEDPOLYGONALFACE((5,6,7,8));
#877=IFCINDEXEDPOLYGONALFACE((1,2,6,5));
#878=IFCINDEXEDPOLYGONALFACE((2,3,7,6));
#879=IFCINDEXEDPOLYGONALFACE((3,4,8,7));
#880=IFCINDEXEDPOLYGONALFACE((4,1,5,8));
#881=IFCPOLYGONALFACESET(#874,$,(#875,#876,#877,#878,#879,#880),$);
#882=IFCSHAPEREPRESENTATION(#11,'Body','Tessellation',(#881));
#883=IFCPRODUCTDEFINITIONSHAPE($,$,(#882));
#884=IFCDOOR('062bDDl7D21QGUuUuD170F',$,'Porte pali\X2\00E8\X0\re bois 2A RDC',$,$,$,#894,$,$,$,$,$,$);
#885=IFCCARTESIANPOINTLIST3D(((11000.,7450.,0.),(11900.,7450.,0.),(11900.,7550.,0.),(11000.,7550.,0.),(11000.,7450.,2100.),(11900.,7450.,2100.),(11900.,7550.,2100.),(11000.,7550.,2100.)));
#886=IFCINDEXEDPOLYGONALFACE((1,4,3,2));
#887=IFCINDEXEDPOLYGONALFACE((5,6,7,8));
#888=IFCINDEXEDPOLYGONALFACE((1,2,6,5));
#889=IFCINDEXEDPOLYGONALFACE((2,3,7,6));
#890=IFCINDEXEDPOLYGONALFACE((3,4,8,7));
#891=IFCINDEXEDPOLYGONALFACE((4,1,5,8));
#892=IFCPOLYGONALFACESET(#885,$,(#886,#887,#888,#889,#890,#891),$);
#893=IFCSHAPEREPRESENTATION(#11,'Body','Tessellation',(#892));
#894=IFCPRODUCTDEFINITIONSHAPE($,$,(#893));
#895=IFCDOOR('0BQH5lqxj6vOcP8Iuw3ZfF',$,'Porte pali\X2\00E8\X0\re bois 2B RDC',$,$,$,#905,$,$,$,$,$,$);
#896=IFCCARTESIANPOINTLIST3D(((11000.,10450.,0.),(11900.,10450.,0.),(11900.,10549.999999999998,0.),(11000.,10549.999999999998,0.),(11000.,10450.,2100.),(11900.,10450.,2100.),(11900.,10549.999999999998,2100.),(11000.,10549.999999999998,2100.)));
#897=IFCINDEXEDPOLYGONALFACE((1,4,3,2));
#898=IFCINDEXEDPOLYGONALFACE((5,6,7,8));
#899=IFCINDEXEDPOLYGONALFACE((1,2,6,5));
#900=IFCINDEXEDPOLYGONALFACE((2,3,7,6));
#901=IFCINDEXEDPOLYGONALFACE((3,4,8,7));
#902=IFCINDEXEDPOLYGONALFACE((4,1,5,8));
#903=IFCPOLYGONALFACESET(#896,$,(#897,#898,#899,#900,#901,#902),$);
#904=IFCSHAPEREPRESENTATION(#11,'Body','Tessellation',(#903));
#905=IFCPRODUCTDEFINITIONSHAPE($,$,(#904));
#906=IFCDOOR('2BcPbytVvCdxWgQoIgc6jV',$,'Porte pali\X2\00E8\X0\re bois 3A RDC',$,$,$,#916,$,$,$,$,$,$);
#907=IFCCARTESIANPOINTLIST3D(((20500.,7450.,0.),(21400.,7450.,0.),(21400.,7550.,0.),(20500.,7550.,0.),(20500.,7450.,2100.),(21400.,7450.,2100.),(21400.,7550.,2100.),(20500.,7550.,2100.)));
#908=IFCINDEXEDPOLYGONALFACE((1,4,3,2));
#909=IFCINDEXEDPOLYGONALFACE((5,6,7,8));
#910=IFCINDEXEDPOLYGONALFACE((1,2,6,5));
#911=IFCINDEXEDPOLYGONALFACE((2,3,7,6));
#912=IFCINDEXEDPOLYGONALFACE((3,4,8,7));
#913=IFCINDEXEDPOLYGONALFACE((4,1,5,8));
#914=IFCPOLYGONALFACESET(#907,$,(#908,#909,#910,#911,#912,#913),$);
#915=IFCSHAPEREPRESENTATION(#11,'Body','Tessellation',(#914));
#916=IFCPRODUCTDEFINITIONSHAPE($,$,(#915));
#917=IFCDOOR('3fwTT98CrAKQ_F__rN5Bc4',$,'Porte pali\X2\00E8\X0\re bois 3B RDC',$,$,$,#927,$,$,$,$,$,$);
#918=IFCCARTESIANPOINTLIST3D(((20500.,10450.,0.),(21400.,10450.,0.),(21400.,10549.999999999998,0.),(20500.,10549.999999999998,0.),(20500.,10450.,2100.),(21400.,10450.,2100.),(21400.,10549.999999999998,2100.),(20500.,10549.999999999998,2100.)));
#919=IFCINDEXEDPOLYGONALFACE((1,4,3,2));
#920=IFCINDEXEDPOLYGONALFACE((5,6,7,8));
#921=IFCINDEXEDPOLYGONALFACE((1,2,6,5));
#922=IFCINDEXEDPOLYGONALFACE((2,3,7,6));
#923=IFCINDEXEDPOLYGONALFACE((3,4,8,7));
#924=IFCINDEXEDPOLYGONALFACE((4,1,5,8));
#925=IFCPOLYGONALFACESET(#918,$,(#919,#920,#921,#922,#923,#924),$);
#926=IFCSHAPEREPRESENTATION(#11,'Body','Tessellation',(#925));
#927=IFCPRODUCTDEFINITIONSHAPE($,$,(#926));
#928=IFCDOOR('1vDhnkq51CyxKNrOJEx3$I',$,'Porte pali\X2\00E8\X0\re bois 4A RDC',$,$,$,#938,$,$,$,$,$,$);
#929=IFCCARTESIANPOINTLIST3D(((29000.,7450.,0.),(29900.,7450.,0.),(29900.,7550.,0.),(29000.,7550.,0.),(29000.,7450.,2100.),(29900.,7450.,2100.),(29900.,7550.,2100.),(29000.,7550.,2100.)));
#930=IFCINDEXEDPOLYGONALFACE((1,4,3,2));
#931=IFCINDEXEDPOLYGONALFACE((5,6,7,8));
#932=IFCINDEXEDPOLYGONALFACE((1,2,6,5));
#933=IFCINDEXEDPOLYGONALFACE((2,3,7,6));
#934=IFCINDEXEDPOLYGONALFACE((3,4,8,7));
#935=IFCINDEXEDPOLYGONALFACE((4,1,5,8));
#936=IFCPOLYGONALFACESET(#929,$,(#930,#931,#932,#933,#934,#935),$);
#937=IFCSHAPEREPRESENTATION(#11,'Body','Tessellation',(#936));
#938=IFCPRODUCTDEFINITIONSHAPE($,$,(#937));
#939=IFCDOOR('3grAzIwfvBoAXh_ElK1EsE',$,'Porte pali\X2\00E8\X0\re bois 4B RDC',$,$,$,#949,$,$,$,$,$,$);
#940=IFCCARTESIANPOINTLIST3D(((29000.,10450.,0.),(29900.,10450.,0.),(29900.,10549.999999999998,0.),(29000.,10549.999999999998,0.),(29000.,10450.,2100.),(29900.,10450.,2100.),(29900.,10549.999999999998,2100.),(29000.,10549.999999999998,2100.)));
#941=IFCINDEXEDPOLYGONALFACE((1,4,3,2));
#942=IFCINDEXEDPOLYGONALFACE((5,6,7,8));
#943=IFCINDEXEDPOLYGONALFACE((1,2,6,5));
#944=IFCINDEXEDPOLYGONALFACE((2,3,7,6));
#945=IFCINDEXEDPOLYGONALFACE((3,4,8,7));
#946=IFCINDEXEDPOLYGONALFACE((4,1,5,8));
#947=IFCPOLYGONALFACESET(#940,$,(#941,#942,#943,#944,#945,#946),$);
#948=IFCSHAPEREPRESENTATION(#11,'Body','Tessellation',(#947));
#949=IFCPRODUCTDEFINITIONSHAPE($,$,(#948));
#950=IFCCOLUMN('01oA1Dw7f7QRKw1_NYj3aG',$,'Poteau P1A R+1',$,$,$,#960,$,$);
#951=IFCCARTESIANPOINTLIST3D(((-150.,-150.,3000.),(150.,-150.,3000.),(150.,150.,3000.),(-150.,150.,3000.),(-150.,-150.,5800.),(150.,-150.,5800.),(150.,150.,5800.),(-150.,150.,5800.)));
#952=IFCINDEXEDPOLYGONALFACE((1,4,3,2));
#953=IFCINDEXEDPOLYGONALFACE((5,6,7,8));
#954=IFCINDEXEDPOLYGONALFACE((1,2,6,5));
#955=IFCINDEXEDPOLYGONALFACE((2,3,7,6));
#956=IFCINDEXEDPOLYGONALFACE((3,4,8,7));
#957=IFCINDEXEDPOLYGONALFACE((4,1,5,8));
#958=IFCPOLYGONALFACESET(#951,$,(#952,#953,#954,#955,#956,#957),$);
#959=IFCSHAPEREPRESENTATION(#11,'Body','Tessellation',(#958));
#960=IFCPRODUCTDEFINITIONSHAPE($,$,(#959));
#961=IFCCOLUMN('1uOcwHQ3j64BG$P8ENz5JD',$,'Poteau P1B R+1',$,$,$,#971,$,$);
#962=IFCCARTESIANPOINTLIST3D(((-150.,8850.,3000.),(150.,8850.,3000.),(150.,9150.,3000.),(-150.,9150.,3000.),(-150.,8850.,5800.),(150.,8850.,5800.),(150.,9150.,5800.),(-150.,9150.,5800.)));
#963=IFCINDEXEDPOLYGONALFACE((1,4,3,2));
#964=IFCINDEXEDPOLYGONALFACE((5,6,7,8));
#965=IFCINDEXEDPOLYGONALFACE((1,2,6,5));
#966=IFCINDEXEDPOLYGONALFACE((2,3,7,6));
#967=IFCINDEXEDPOLYGONALFACE((3,4,8,7));
#968=IFCINDEXEDPOLYGONALFACE((4,1,5,8));
#969=IFCPOLYGONALFACESET(#962,$,(#963,#964,#965,#966,#967,#968),$);
#970=IFCSHAPEREPRESENTATION(#11,'Body','Tessellation',(#969));
#971=IFCPRODUCTDEFINITIONSHAPE($,$,(#970));
#972=IFCCOLUMN('1O_O5_xQDBIOrSLXA0mDoN',$,'Poteau P1C R+1',$,$,$,#982,$,$);
#973=IFCCARTESIANPOINTLIST3D(((-150.,17850.,3000.),(150.,17850.,3000.),(150.,18150.000000000004,3000.),(-150.,18150.000000000004,3000.),(-150.,17850.,5800.),(150.,17850.,5800.),(150.,18150.000000000004,5800.),(-150.,18150.000000000004,5800.)));
#974=IFCINDEXEDPOLYGONALFACE((1,4,3,2));
#975=IFCINDEXEDPOLYGONALFACE((5,6,7,8));
#976=IFCINDEXEDPOLYGONALFACE((1,2,6,5));
#977=IFCINDEXEDPOLYGONALFACE((2,3,7,6));
#978=IFCINDEXEDPOLYGONALFACE((3,4,8,7));
#979=IFCINDEXEDPOLYGONALFACE((4,1,5,8));
#980=IFCPOLYGONALFACESET(#973,$,(#974,#975,#976,#977,#978,#979),$);
#981=IFCSHAPEREPRESENTATION(#11,'Body','Tessellation',(#980));
#982=IFCPRODUCTDEFINITIONSHAPE($,$,(#981));
#983=IFCCOLUMN('2G7vZvXJHBJQ0pxQXJvU6V',$,'Poteau P2A R+1',$,$,$,#993,$,$);
#984=IFCCARTESIANPOINTLIST3D(((8850.,-150.,3000.),(9150.,-150.,3000.),(9150.,150.,3000.),(8850.,150.,3000.),(8850.,-150.,5800.),(9150.,-150.,5800.),(9150.,150.,5800.),(8850.,150.,5800.)));
#985=IFCINDEXEDPOLYGONALFACE((1,4,3,2));
#986=IFCINDEXEDPOLYGONALFACE((5,6,7,8));
#987=IFCINDEXEDPOLYGONALFACE((1,2,6,5));
#988=IFCINDEXEDPOLYGONALFACE((2,3,7,6));
#989=IFCINDEXEDPOLYGONALFACE((3,4,8,7));
#990=IFCINDEXEDPOLYGONALFACE((4,1,5,8));
#991=IFCPOLYGONALFACESET(#984,$,(#985,#986,#987,#988,#989,#990),$);
#992=IFCSHAPEREPRESENTATION(#11,'Body','Tessellation',(#991));
#993=IFCPRODUCTDEFINITIONSHAPE($,$,(#992));
#994=IFCCOLUMN('1NgfbKEmjEb9eXwihpw1en',$,'Poteau P2B R+1',$,$,$,#1004,$,$);
#995=IFCCARTESIANPOINTLIST3D(((8850.,8850.,3000.),(9150.,8850.,3000.),(9150.,9150.,3000.),(8850.,9150.,3000.),(8850.,8850.,5800.),(9150.,8850.,5800.),(9150.,9150.,5800.),(8850.,9150.,5800.)));
#996=IFCINDEXEDPOLYGONALFACE((1,4,3,2));
#997=IFCINDEXEDPOLYGONALFACE((5,6,7,8));
#998=IFCINDEXEDPOLYGONALFACE((1,2,6,5));
#999=IFCINDEXEDPOLYGONALFACE((2,3,7,6));
#1000=IFCINDEXEDPOLYGONALFACE((3,4,8,7));
#1001=IFCINDEXEDPOLYGONALFACE((4,1,5,8));
#1002=IFCPOLYGONALFACESET(#995,$,(#996,#997,#998,#999,#1000,#1001),$);
#1003=IFCSHAPEREPRESENTATION(#11,'Body','Tessellation',(#1002));
#1004=IFCPRODUCTDEFINITIONSHAPE($,$,(#1003));
#1005=IFCCOLUMN('3XcjqvlHDAAxt50FgFM89Z',$,'Poteau P2C R+1',$,$,$,#1015,$,$);
#1006=IFCCARTESIANPOINTLIST3D(((8850.,17850.,3000.),(9150.,17850.,3000.),(9150.,18150.000000000004,3000.),(8850.,18150.000000000004,3000.),(8850.,17850.,5800.),(9150.,17850.,5800.),(9150.,18150.000000000004,5800.),(8850.,18150.000000000004,5800.)));
#1007=IFCINDEXEDPOLYGONALFACE((1,4,3,2));
#1008=IFCINDEXEDPOLYGONALFACE((5,6,7,8));
#1009=IFCINDEXEDPOLYGONALFACE((1,2,6,5));
#1010=IFCINDEXEDPOLYGONALFACE((2,3,7,6));
#1011=IFCINDEXEDPOLYGONALFACE((3,4,8,7));
#1012=IFCINDEXEDPOLYGONALFACE((4,1,5,8));
#1013=IFCPOLYGONALFACESET(#1006,$,(#1007,#1008,#1009,#1010,#1011,#1012),$);
#1014=IFCSHAPEREPRESENTATION(#11,'Body','Tessellation',(#1013));
#1015=IFCPRODUCTDEFINITIONSHAPE($,$,(#1014));
#1016=IFCCOLUMN('1PMGzC0GHDxA28WawrTJT5',$,'Poteau P3A R+1',$,$,$,#1026,$,$);
#1017=IFCCARTESIANPOINTLIST3D(((17850.,-150.,3000.),(18150.000000000004,-150.,3000.),(18150.000000000004,150.,3000.),(17850.,150.,3000.),(17850.,-150.,5800.),(18150.000000000004,-150.,5800.),(18150.000000000004,150.,5800.),(17850.,150.,5800.)));
#1018=IFCINDEXEDPOLYGONALFACE((1,4,3,2));
#1019=IFCINDEXEDPOLYGONALFACE((5,6,7,8));
#1020=IFCINDEXEDPOLYGONALFACE((1,2,6,5));
#1021=IFCINDEXEDPOLYGONALFACE((2,3,7,6));
#1022=IFCINDEXEDPOLYGONALFACE((3,4,8,7));
#1023=IFCINDEXEDPOLYGONALFACE((4,1,5,8));
#1024=IFCPOLYGONALFACESET(#1017,$,(#1018,#1019,#1020,#1021,#1022,#1023),$);
#1025=IFCSHAPEREPRESENTATION(#11,'Body','Tessellation',(#1024));
#1026=IFCPRODUCTDEFINITIONSHAPE($,$,(#1025));
#1027=IFCCOLUMN('0xsaWbLs12afZnoj5qGk1o',$,'Poteau P3B R+1',$,$,$,#1037,$,$);
#1028=IFCCARTESIANPOINTLIST3D(((17850.,8850.,3000.),(18150.000000000004,8850.,3000.),(18150.000000000004,9150.,3000.),(17850.,9150.,3000.),(17850.,8850.,5800.),(18150.000000000004,8850.,5800.),(18150.000000000004,9150.,5800.),(17850.,9150.,5800.)));
#1029=IFCINDEXEDPOLYGONALFACE((1,4,3,2));
#1030=IFCINDEXEDPOLYGONALFACE((5,6,7,8));
#1031=IFCINDEXEDPOLYGONALFACE((1,2,6,5));
#1032=IFCINDEXEDPOLYGONALFACE((2,3,7,6));
#1033=IFCINDEXEDPOLYGONALFACE((3,4,8,7));
#1034=IFCINDEXEDPOLYGONALFACE((4,1,5,8));
#1035=IFCPOLYGONALFACESET(#1028,$,(#1029,#1030,#1031,#1032,#1033,#1034),$);
#1036=IFCSHAPEREPRESENTATION(#11,'Body','Tessellation',(#1035));
#1037=IFCPRODUCTDEFINITIONSHAPE($,$,(#1036));
#1038=IFCCOLUMN('2gvBexYk17cg_DrQyVoWiU',$,'Poteau P3C R+1',$,$,$,#1048,$,$);
#1039=IFCCARTESIANPOINTLIST3D(((17850.,17850.,3000.),(18150.000000000004,17850.,3000.),(18150.000000000004,18150.000000000004,3000.),(17850.,18150.000000000004,3000.),(17850.,17850.,5800.),(18150.000000000004,17850.,5800.),(18150.000000000004,18150.000000000004,5800.),(17850.,18150.000000000004,5800.)));
#1040=IFCINDEXEDPOLYGONALFACE((1,4,3,2));
#1041=IFCINDEXEDPOLYGONALFACE((5,6,7,8));
#1042=IFCINDEXEDPOLYGONALFACE((1,2,6,5));
#1043=IFCINDEXEDPOLYGONALFACE((2,3,7,6));
#1044=IFCINDEXEDPOLYGONALFACE((3,4,8,7));
#1045=IFCINDEXEDPOLYGONALFACE((4,1,5,8));
#1046=IFCPOLYGONALFACESET(#1039,$,(#1040,#1041,#1042,#1043,#1044,#1045),$);
#1047=IFCSHAPEREPRESENTATION(#11,'Body','Tessellation',(#1046));
#1048=IFCPRODUCTDEFINITIONSHAPE($,$,(#1047));
#1049=IFCCOLUMN('08C8j3WhL1Q9a9JhLxOHWZ',$,'Poteau P4A R+1',$,$,$,#1059,$,$);
#1050=IFCCARTESIANPOINTLIST3D(((26850.,-150.,3000.),(27150.000000000004,-150.,3000.),(27150.000000000004,150.,3000.),(26850.,150.,3000.),(26850.,-150.,5800.),(27150.000000000004,-150.,5800.),(27150.000000000004,150.,5800.),(26850.,150.,5800.)));
#1051=IFCINDEXEDPOLYGONALFACE((1,4,3,2));
#1052=IFCINDEXEDPOLYGONALFACE((5,6,7,8));
#1053=IFCINDEXEDPOLYGONALFACE((1,2,6,5));
#1054=IFCINDEXEDPOLYGONALFACE((2,3,7,6));
#1055=IFCINDEXEDPOLYGONALFACE((3,4,8,7));
#1056=IFCINDEXEDPOLYGONALFACE((4,1,5,8));
#1057=IFCPOLYGONALFACESET(#1050,$,(#1051,#1052,#1053,#1054,#1055,#1056),$);
#1058=IFCSHAPEREPRESENTATION(#11,'Body','Tessellation',(#1057));
#1059=IFCPRODUCTDEFINITIONSHAPE($,$,(#1058));
#1060=IFCCOLUMN('3n2tSB$yH2bQDEeXJET7Rv',$,'Poteau P4B R+1',$,$,$,#1070,$,$);
#1061=IFCCARTESIANPOINTLIST3D(((26850.,8850.,3000.),(27150.000000000004,8850.,3000.),(27150.000000000004,9150.,3000.),(26850.,9150.,3000.),(26850.,8850.,5800.),(27150.000000000004,8850.,5800.),(27150.000000000004,9150.,5800.),(26850.,9150.,5800.)));
#1062=IFCINDEXEDPOLYGONALFACE((1,4,3,2));
#1063=IFCINDEXEDPOLYGONALFACE((5,6,7,8));
#1064=IFCINDEXEDPOLYGONALFACE((1,2,6,5));
#1065=IFCINDEXEDPOLYGONALFACE((2,3,7,6));
#1066=IFCINDEXEDPOLYGONALFACE((3,4,8,7));
#1067=IFCINDEXEDPOLYGONALFACE((4,1,5,8));
#1068=IFCPOLYGONALFACESET(#1061,$,(#1062,#1063,#1064,#1065,#1066,#1067),$);
#1069=IFCSHAPEREPRESENTATION(#11,'Body','Tessellation',(#1068));
#1070=IFCPRODUCTDEFINITIONSHAPE($,$,(#1069));
#1071=IFCCOLUMN('1b5LtDbt95c89zY8QG32Yh',$,'Poteau P4C R+1',$,$,$,#1081,$,$);
#1072=IFCCARTESIANPOINTLIST3D(((26850.,17850.,3000.),(27150.000000000004,17850.,3000.),(27150.000000000004,18150.000000000004,3000.),(26850.,18150.000000000004,3000.),(26850.,17850.,5800.),(27150.000000000004,17850.,5800.),(27150.000000000004,18150.000000000004,5800.),(26850.,18150.000000000004,5800.)));
#1073=IFCINDEXEDPOLYGONALFACE((1,4,3,2));
#1074=IFCINDEXEDPOLYGONALFACE((5,6,7,8));
#1075=IFCINDEXEDPOLYGONALFACE((1,2,6,5));
#1076=IFCINDEXEDPOLYGONALFACE((2,3,7,6));
#1077=IFCINDEXEDPOLYGONALFACE((3,4,8,7));
#1078=IFCINDEXEDPOLYGONALFACE((4,1,5,8));
#1079=IFCPOLYGONALFACESET(#1072,$,(#1073,#1074,#1075,#1076,#1077,#1078),$);
#1080=IFCSHAPEREPRESENTATION(#11,'Body','Tessellation',(#1079));
#1081=IFCPRODUCTDEFINITIONSHAPE($,$,(#1080));
#1082=IFCCOLUMN('2Ulu_AQCDB2AMFITTVaU1b',$,'Poteau P5A R+1',$,$,$,#1092,$,$);
#1083=IFCCARTESIANPOINTLIST3D(((35850.,-150.,3000.),(36150.,-150.,3000.),(36150.,150.,3000.),(35850.,150.,3000.),(35850.,-150.,5800.),(36150.,-150.,5800.),(36150.,150.,5800.),(35850.,150.,5800.)));
#1084=IFCINDEXEDPOLYGONALFACE((1,4,3,2));
#1085=IFCINDEXEDPOLYGONALFACE((5,6,7,8));
#1086=IFCINDEXEDPOLYGONALFACE((1,2,6,5));
#1087=IFCINDEXEDPOLYGONALFACE((2,3,7,6));
#1088=IFCINDEXEDPOLYGONALFACE((3,4,8,7));
#1089=IFCINDEXEDPOLYGONALFACE((4,1,5,8));
#1090=IFCPOLYGONALFACESET(#1083,$,(#1084,#1085,#1086,#1087,#1088,#1089),$);
#1091=IFCSHAPEREPRESENTATION(#11,'Body','Tessellation',(#1090));
#1092=IFCPRODUCTDEFINITIONSHAPE($,$,(#1091));
#1093=IFCCOLUMN('0gqmz2zB167g2IHFZ43oHn',$,'Poteau P5B R+1',$,$,$,#1103,$,$);
#1094=IFCCARTESIANPOINTLIST3D(((35850.,8850.,3000.),(36150.,8850.,3000.),(36150.,9150.,3000.),(35850.,9150.,3000.),(35850.,8850.,5800.),(36150.,8850.,5800.),(36150.,9150.,5800.),(35850.,9150.,5800.)));
#1095=IFCINDEXEDPOLYGONALFACE((1,4,3,2));
#1096=IFCINDEXEDPOLYGONALFACE((5,6,7,8));
#1097=IFCINDEXEDPOLYGONALFACE((1,2,6,5));
#1098=IFCINDEXEDPOLYGONALFACE((2,3,7,6));
#1099=IFCINDEXEDPOLYGONALFACE((3,4,8,7));
#1100=IFCINDEXEDPOLYGONALFACE((4,1,5,8));
#1101=IFCPOLYGONALFACESET(#1094,$,(#1095,#1096,#1097,#1098,#1099,#1100),$);
#1102=IFCSHAPEREPRESENTATION(#11,'Body','Tessellation',(#1101));
#1103=IFCPRODUCTDEFINITIONSHAPE($,$,(#1102));
#1104=IFCCOLUMN('2r5SpJ6Kr8Q9XZC_7G1yeV',$,'Poteau P5C R+1',$,$,$,#1114,$,$);
#1105=IFCCARTESIANPOINTLIST3D(((35850.,17850.,3000.),(36150.,17850.,3000.),(36150.,18150.000000000004,3000.),(35850.,18150.000000000004,3000.),(35850.,17850.,5800.),(36150.,17850.,5800.),(36150.,18150.000000000004,5800.),(35850.,18150.000000000004,5800.)));
#1106=IFCINDEXEDPOLYGONALFACE((1,4,3,2));
#1107=IFCINDEXEDPOLYGONALFACE((5,6,7,8));
#1108=IFCINDEXEDPOLYGONALFACE((1,2,6,5));
#1109=IFCINDEXEDPOLYGONALFACE((2,3,7,6));
#1110=IFCINDEXEDPOLYGONALFACE((3,4,8,7));
#1111=IFCINDEXEDPOLYGONALFACE((4,1,5,8));
#1112=IFCPOLYGONALFACESET(#1105,$,(#1106,#1107,#1108,#1109,#1110,#1111),$);
#1113=IFCSHAPEREPRESENTATION(#11,'Body','Tessellation',(#1112));
#1114=IFCPRODUCTDEFINITIONSHAPE($,$,(#1113));
#1115=IFCWALL('0fRP64bwH6WQAGkBq6xKv3',$,'Voile de fa\X2\00E7\X0\ade nord R+1',$,$,$,#1125,$,$);
#1116=IFCCARTESIANPOINTLIST3D(((0.,17800.,3000.),(36000.,17800.,3000.),(36000.,18000.,3000.),(0.,18000.,3000.),(0.,17800.,5800.),(36000.,17800.,5800.),(36000.,18000.,5800.),(0.,18000.,5800.)));
#1117=IFCINDEXEDPOLYGONALFACE((1,4,3,2));
#1118=IFCINDEXEDPOLYGONALFACE((5,6,7,8));
#1119=IFCINDEXEDPOLYGONALFACE((1,2,6,5));
#1120=IFCINDEXEDPOLYGONALFACE((2,3,7,6));
#1121=IFCINDEXEDPOLYGONALFACE((3,4,8,7));
#1122=IFCINDEXEDPOLYGONALFACE((4,1,5,8));
#1123=IFCPOLYGONALFACESET(#1116,$,(#1117,#1118,#1119,#1120,#1121,#1122),$);
#1124=IFCSHAPEREPRESENTATION(#11,'Body','Tessellation',(#1123));
#1125=IFCPRODUCTDEFINITIONSHAPE($,$,(#1124));
#1126=IFCWALL('3ddYh_ybjEowZB0UDhvoX8',$,'Voile de fa\X2\00E7\X0\ade sud R+1',$,$,$,#1136,$,$);
#1127=IFCCARTESIANPOINTLIST3D(((0.,0.,3000.),(36000.,0.,3000.),(36000.,200.,3000.),(0.,200.,3000.),(0.,0.,5800.),(36000.,0.,5800.),(36000.,200.,5800.),(0.,200.,5800.)));
#1128=IFCINDEXEDPOLYGONALFACE((1,4,3,2));
#1129=IFCINDEXEDPOLYGONALFACE((5,6,7,8));
#1130=IFCINDEXEDPOLYGONALFACE((1,2,6,5));
#1131=IFCINDEXEDPOLYGONALFACE((2,3,7,6));
#1132=IFCINDEXEDPOLYGONALFACE((3,4,8,7));
#1133=IFCINDEXEDPOLYGONALFACE((4,1,5,8));
#1134=IFCPOLYGONALFACESET(#1127,$,(#1128,#1129,#1130,#1131,#1132,#1133),$);
#1135=IFCSHAPEREPRESENTATION(#11,'Body','Tessellation',(#1134));
#1136=IFCPRODUCTDEFINITIONSHAPE($,$,(#1135));
#1137=IFCWALL('28ColWn952sge8ixxtReTE',$,'Voile pignon est R+1',$,$,$,#1147,$,$);
#1138=IFCCARTESIANPOINTLIST3D(((35800.,0.,3000.),(36000.,0.,3000.),(36000.,18000.,3000.),(35800.,18000.,3000.),(35800.,0.,5800.),(36000.,0.,5800.),(36000.,18000.,5800.),(35800.,18000.,5800.)));
#1139=IFCINDEXEDPOLYGONALFACE((1,4,3,2));
#1140=IFCINDEXEDPOLYGONALFACE((5,6,7,8));
#1141=IFCINDEXEDPOLYGONALFACE((1,2,6,5));
#1142=IFCINDEXEDPOLYGONALFACE((2,3,7,6));
#1143=IFCINDEXEDPOLYGONALFACE((3,4,8,7));
#1144=IFCINDEXEDPOLYGONALFACE((4,1,5,8));
#1145=IFCPOLYGONALFACESET(#1138,$,(#1139,#1140,#1141,#1142,#1143,#1144),$);
#1146=IFCSHAPEREPRESENTATION(#11,'Body','Tessellation',(#1145));
#1147=IFCPRODUCTDEFINITIONSHAPE($,$,(#1146));
#1148=IFCWALL('18fLgQxwH0M8u_x_funXN5',$,'Voile pignon ouest R+1',$,$,$,#1158,$,$);
#1149=IFCCARTESIANPOINTLIST3D(((0.,0.,3000.),(200.,0.,3000.),(200.,18000.,3000.),(0.,18000.,3000.),(0.,0.,5800.),(200.,0.,5800.),(200.,18000.,5800.),(0.,18000.,5800.)));
#1150=IFCINDEXEDPOLYGONALFACE((1,4,3,2));
#1151=IFCINDEXEDPOLYGONALFACE((5,6,7,8));
#1152=IFCINDEXEDPOLYGONALFACE((1,2,6,5));
#1153=IFCINDEXEDPOLYGONALFACE((2,3,7,6));
#1154=IFCINDEXEDPOLYGONALFACE((3,4,8,7));
#1155=IFCINDEXEDPOLYGONALFACE((4,1,5,8));
#1156=IFCPOLYGONALFACESET(#1149,$,(#1150,#1151,#1152,#1153,#1154,#1155),$);
#1157=IFCSHAPEREPRESENTATION(#11,'Body','Tessellation',(#1156));
#1158=IFCPRODUCTDEFINITIONSHAPE($,$,(#1157));
#1159=IFCWALL('0Q3VD7oY5DhgPrno2RvaSz',$,'Voile cage d''escalier nord R+1',$,$,$,#1169,$,$);
#1160=IFCCARTESIANPOINTLIST3D(((16000.,10300.,3000.),(20000.,10300.,3000.),(20000.,10500.,3000.),(16000.,10500.,3000.),(16000.,10300.,5800.),(20000.,10300.,5800.),(20000.,10500.,5800.),(16000.,10500.,5800.)));
#1161=IFCINDEXEDPOLYGONALFACE((1,4,3,2));
#1162=IFCINDEXEDPOLYGONALFACE((5,6,7,8));
#1163=IFCINDEXEDPOLYGONALFACE((1,2,6,5));
#1164=IFCINDEXEDPOLYGONALFACE((2,3,7,6));
#1165=IFCINDEXEDPOLYGONALFACE((3,4,8,7));
#1166=IFCINDEXEDPOLYGONALFACE((4,1,5,8));
#1167=IFCPOLYGONALFACESET(#1160,$,(#1161,#1162,#1163,#1164,#1165,#1166),$);
#1168=IFCSHAPEREPRESENTATION(#11,'Body','Tessellation',(#1167));
#1169=IFCPRODUCTDEFINITIONSHAPE($,$,(#1168));
#1170=IFCWALL('1r_7sCBIT9BRoD$n0mu44H',$,'Voile cage d''escalier sud R+1',$,$,$,#1180,$,$);
#1171=IFCCARTESIANPOINTLIST3D(((16000.,7500.,3000.),(20000.,7500.,3000.),(20000.,7700.,3000.),(16000.,7700.,3000.),(16000.,7500.,5800.),(20000.,7500.,5800.),(20000.,7700.,5800.),(16000.,7700.,5800.)));
#1172=IFCINDEXEDPOLYGONALFACE((1,4,3,2));
#1173=IFCINDEXEDPOLYGONALFACE((5,6,7,8));
#1174=IFCINDEXEDPOLYGONALFACE((1,2,6,5));
#1175=IFCINDEXEDPOLYGONALFACE((2,3,7,6));
#1176=IFCINDEXEDPOLYGONALFACE((3,4,8,7));
#1177=IFCINDEXEDPOLYGONALFACE((4,1,5,8));
#1178=IFCPOLYGONALFACESET(#1171,$,(#1172,#1173,#1174,#1175,#1176,#1177),$);
#1179=IFCSHAPEREPRESENTATION(#11,'Body','Tessellation',(#1178));
#1180=IFCPRODUCTDEFINITIONSHAPE($,$,(#1179));
#1181=IFCWALL('2jCC8NLXH0OQQu6xp6vPf8',$,'Voile cage d''escalier est R+1',$,$,$,#1191,$,$);
#1182=IFCCARTESIANPOINTLIST3D(((19800.,7500.,3000.),(20000.,7500.,3000.),(20000.,10500.,3000.),(19800.,10500.,3000.),(19800.,7500.,5800.),(20000.,7500.,5800.),(20000.,10500.,5800.),(19800.,10500.,5800.)));
#1183=IFCINDEXEDPOLYGONALFACE((1,4,3,2));
#1184=IFCINDEXEDPOLYGONALFACE((5,6,7,8));
#1185=IFCINDEXEDPOLYGONALFACE((1,2,6,5));
#1186=IFCINDEXEDPOLYGONALFACE((2,3,7,6));
#1187=IFCINDEXEDPOLYGONALFACE((3,4,8,7));
#1188=IFCINDEXEDPOLYGONALFACE((4,1,5,8));
#1189=IFCPOLYGONALFACESET(#1182,$,(#1183,#1184,#1185,#1186,#1187,#1188),$);
#1190=IFCSHAPEREPRESENTATION(#11,'Body','Tessellation',(#1189));
#1191=IFCPRODUCTDEFINITIONSHAPE($,$,(#1190));
#1192=IFCWALL('1jkXKl1kf4V9sTZSQmMNE_',$,'Voile cage d''escalier ouest R+1',$,$,$,#1202,$,$);
#1193=IFCCARTESIANPOINTLIST3D(((16000.,7500.,3000.),(16200.,7500.,3000.),(16200.,10500.,3000.),(16000.,10500.,3000.),(16000.,7500.,5800.),(16200.,7500.,5800.),(16200.,10500.,5800.),(16000.,10500.,5800.)));
#1194=IFCINDEXEDPOLYGONALFACE((1,4,3,2));
#1195=IFCINDEXEDPOLYGONALFACE((5,6,7,8));
#1196=IFCINDEXEDPOLYGONALFACE((1,2,6,5));
#1197=IFCINDEXEDPOLYGONALFACE((2,3,7,6));
#1198=IFCINDEXEDPOLYGONALFACE((3,4,8,7));
#1199=IFCINDEXEDPOLYGONALFACE((4,1,5,8));
#1200=IFCPOLYGONALFACESET(#1193,$,(#1194,#1195,#1196,#1197,#1198,#1199),$);
#1201=IFCSHAPEREPRESENTATION(#11,'Body','Tessellation',(#1200));
#1202=IFCPRODUCTDEFINITIONSHAPE($,$,(#1201));
#1203=IFCWALL('0ElesDbdfE79Olez$4JCbX',$,'Mur en agglom\X2\00E9\X0\r\X2\00E9\X0\s x9 R+1',$,$,$,#1213,$,$);
#1204=IFCCARTESIANPOINTLIST3D(((8900.,200.,3000.),(9100.,200.,3000.),(9100.,7500.,3000.),(8900.,7500.,3000.),(8900.,200.,5800.),(9100.,200.,5800.),(9100.,7500.,5800.),(8900.,7500.,5800.)));
#1205=IFCINDEXEDPOLYGONALFACE((1,4,3,2));
#1206=IFCINDEXEDPOLYGONALFACE((5,6,7,8));
#1207=IFCINDEXEDPOLYGONALFACE((1,2,6,5));
#1208=IFCINDEXEDPOLYGONALFACE((2,3,7,6));
#1209=IFCINDEXEDPOLYGONALFACE((3,4,8,7));
#1210=IFCINDEXEDPOLYGONALFACE((4,1,5,8));
#1211=IFCPOLYGONALFACESET(#1204,$,(#1205,#1206,#1207,#1208,#1209,#1210),$);
#1212=IFCSHAPEREPRESENTATION(#11,'Body','Tessellation',(#1211));
#1213=IFCPRODUCTDEFINITIONSHAPE($,$,(#1212));
#1214=IFCWALL('26qS6IqcDEnPy_OnCDi0Xu',$,'Mur en agglom\X2\00E9\X0\r\X2\00E9\X0\s x9 R+1',$,$,$,#1224,$,$);
#1215=IFCCARTESIANPOINTLIST3D(((8900.,10500.,3000.),(9100.,10500.,3000.),(9100.,17800.,3000.),(8900.,17800.,3000.),(8900.,10500.,5800.),(9100.,10500.,5800.),(9100.,17800.,5800.),(8900.,17800.,5800.)));
#1216=IFCINDEXEDPOLYGONALFACE((1,4,3,2));
#1217=IFCINDEXEDPOLYGONALFACE((5,6,7,8));
#1218=IFCINDEXEDPOLYGONALFACE((1,2,6,5));
#1219=IFCINDEXEDPOLYGONALFACE((2,3,7,6));
#1220=IFCINDEXEDPOLYGONALFACE((3,4,8,7));
#1221=IFCINDEXEDPOLYGONALFACE((4,1,5,8));
#1222=IFCPOLYGONALFACESET(#1215,$,(#1216,#1217,#1218,#1219,#1220,#1221),$);
#1223=IFCSHAPEREPRESENTATION(#11,'Body','Tessellation',(#1222));
#1224=IFCPRODUCTDEFINITIONSHAPE($,$,(#1223));
#1225=IFCWALL('1trflFHD1FBQ6lgns1gKWh',$,'Mur en agglom\X2\00E9\X0\r\X2\00E9\X0\s x27 R+1',$,$,$,#1235,$,$);
#1226=IFCCARTESIANPOINTLIST3D(((26900.,200.,3000.),(27099.999999999996,200.,3000.),(27099.999999999996,7500.,3000.),(26900.,7500.,3000.),(26900.,200.,5800.),(27099.999999999996,200.,5800.),(27099.999999999996,7500.,5800.),(26900.,7500.,5800.)));
#1227=IFCINDEXEDPOLYGONALFACE((1,4,3,2));
#1228=IFCINDEXEDPOLYGONALFACE((5,6,7,8));
#1229=IFCINDEXEDPOLYGONALFACE((1,2,6,5));
#1230=IFCINDEXEDPOLYGONALFACE((2,3,7,6));
#1231=IFCINDEXEDPOLYGONALFACE((3,4,8,7));
#1232=IFCINDEXEDPOLYGONALFACE((4,1,5,8));
#1233=IFCPOLYGONALFACESET(#1226,$,(#1227,#1228,#1229,#1230,#1231,#1232),$);
#1234=IFCSHAPEREPRESENTATION(#11,'Body','Tessellation',(#1233));
#1235=IFCPRODUCTDEFINITIONSHAPE($,$,(#1234));
#1236=IFCWALL('2mx6m8kVDE7Qgm3F8$1y77',$,'Mur en agglom\X2\00E9\X0\r\X2\00E9\X0\s x27 R+1',$,$,$,#1246,$,$);
#1237=IFCCARTESIANPOINTLIST3D(((26900.,10500.,3000.),(27099.999999999996,10500.,3000.),(27099.999999999996,17800.,3000.),(26900.,17800.,3000.),(26900.,10500.,5800.),(27099.999999999996,10500.,5800.),(27099.999999999996,17800.,5800.),(26900.,17800.,5800.)));
#1238=IFCINDEXEDPOLYGONALFACE((1,4,3,2));
#1239=IFCINDEXEDPOLYGONALFACE((5,6,7,8));
#1240=IFCINDEXEDPOLYGONALFACE((1,2,6,5));
#1241=IFCINDEXEDPOLYGONALFACE((2,3,7,6));
#1242=IFCINDEXEDPOLYGONALFACE((3,4,8,7));
#1243=IFCINDEXEDPOLYGONALFACE((4,1,5,8));
#1244=IFCPOLYGONALFACESET(#1237,$,(#1238,#1239,#1240,#1241,#1242,#1243),$);
#1245=IFCSHAPEREPRESENTATION(#11,'Body','Tessellation',(#1244));
#1246=IFCPRODUCTDEFINITIONSHAPE($,$,(#1245));
#1247=IFCWALL('3pVpLgFFfCJxD5NpYHe2WP',$,'Cloison de distribution x4.5 R+1',$,$,$,#1257,$,$);
#1248=IFCCARTESIANPOINTLIST3D(((4460.,200.,3000.),(4540.,200.,3000.),(4540.,4200.,3000.),(4460.,4200.,3000.),(4460.,200.,5800.),(4540.,200.,5800.),(4540.,4200.,5800.),(4460.,4200.,5800.)));
#1249=IFCINDEXEDPOLYGONALFACE((1,4,3,2));
#1250=IFCINDEXEDPOLYGONALFACE((5,6,7,8));
#1251=IFCINDEXEDPOLYGONALFACE((1,2,6,5));
#1252=IFCINDEXEDPOLYGONALFACE((2,3,7,6));
#1253=IFCINDEXEDPOLYGONALFACE((3,4,8,7));
#1254=IFCINDEXEDPOLYGONALFACE((4,1,5,8));
#1255=IFCPOLYGONALFACESET(#1248,$,(#1249,#1250,#1251,#1252,#1253,#1254),$);
#1256=IFCSHAPEREPRESENTATION(#11,'Body','Tessellation',(#1255));
#1257=IFCPRODUCTDEFINITIONSHAPE($,$,(#1256));
#1258=IFCWALL('25kNkSYZrA8RXpDzjn3bfY',$,'Cloison de distribution x4.5 R+1',$,$,$,#1268,$,$);
#1259=IFCCARTESIANPOINTLIST3D(((4460.,10500.,3000.),(4540.,10500.,3000.),(4540.,14500.,3000.),(4460.,14500.,3000.),(4460.,10500.,5800.),(4540.,10500.,5800.),(4540.,14500.,5800.),(4460.,14500.,5800.)));
#1260=IFCINDEXEDPOLYGONALFACE((1,4,3,2));
#1261=IFCINDEXEDPOLYGONALFACE((5,6,7,8));
#1262=IFCINDEXEDPOLYGONALFACE((1,2,6,5));
#1263=IFCINDEXEDPOLYGONALFACE((2,3,7,6));
#1264=IFCINDEXEDPOLYGONALFACE((3,4,8,7));
#1265=IFCINDEXEDPOLYGONALFACE((4,1,5,8));
#1266=IFCPOLYGONALFACESET(#1259,$,(#1260,#1261,#1262,#1263,#1264,#1265),$);
#1267=IFCSHAPEREPRESENTATION(#11,'Body','Tessellation',(#1266));
#1268=IFCPRODUCTDEFINITIONSHAPE($,$,(#1267));
#1269=IFCWALL('1ag9icm6H2rh$ECu$d7c7F',$,'Cloison de distribution x13.5 R+1',$,$,$,#1279,$,$);
#1270=IFCCARTESIANPOINTLIST3D(((13460.,200.,3000.),(13540.000000000002,200.,3000.),(13540.000000000002,4200.,3000.),(13460.,4200.,3000.),(13460.,200.,5800.),(13540.000000000002,200.,5800.),(13540.000000000002,4200.,5800.),(13460.,4200.,5800.)));
#1271=IFCINDEXEDPOLYGONALFACE((1,4,3,2));
#1272=IFCINDEXEDPOLYGONALFACE((5,6,7,8));
#1273=IFCINDEXEDPOLYGONALFACE((1,2,6,5));
#1274=IFCINDEXEDPOLYGONALFACE((2,3,7,6));
#1275=IFCINDEXEDPOLYGONALFACE((3,4,8,7));
#1276=IFCINDEXEDPOLYGONALFACE((4,1,5,8));
#1277=IFCPOLYGONALFACESET(#1270,$,(#1271,#1272,#1273,#1274,#1275,#1276),$);
#1278=IFCSHAPEREPRESENTATION(#11,'Body','Tessellation',(#1277));
#1279=IFCPRODUCTDEFINITIONSHAPE($,$,(#1278));
#1280=IFCWALL('0fm7rqcnL7twoylstkVWbG',$,'Cloison de distribution x13.5 R+1',$,$,$,#1290,$,$);
#1281=IFCCARTESIANPOINTLIST3D(((13460.,10500.,3000.),(13540.000000000002,10500.,3000.),(13540.000000000002,14500.,3000.),(13460.,14500.,3000.),(13460.,10500.,5800.),(13540.000000000002,10500.,5800.),(13540.000000000002,14500.,5800.),(13460.,14500.,5800.)));
#1282=IFCINDEXEDPOLYGONALFACE((1,4,3,2));
#1283=IFCINDEXEDPOLYGONALFACE((5,6,7,8));
#1284=IFCINDEXEDPOLYGONALFACE((1,2,6,5));
#1285=IFCINDEXEDPOLYGONALFACE((2,3,7,6));
#1286=IFCINDEXEDPOLYGONALFACE((3,4,8,7));
#1287=IFCINDEXEDPOLYGONALFACE((4,1,5,8));
#1288=IFCPOLYGONALFACESET(#1281,$,(#1282,#1283,#1284,#1285,#1286,#1287),$);
#1289=IFCSHAPEREPRESENTATION(#11,'Body','Tessellation',(#1288));
#1290=IFCPRODUCTDEFINITIONSHAPE($,$,(#1289));
#1291=IFCWALL('17oHS$dQX3bgOyvaOSdmKD',$,'Cloison de distribution x22.5 R+1',$,$,$,#1301,$,$);
#1292=IFCCARTESIANPOINTLIST3D(((22460.,200.,3000.),(22540.,200.,3000.),(22540.,4200.,3000.),(22460.,4200.,3000.),(22460.,200.,5800.),(22540.,200.,5800.),(22540.,4200.,5800.),(22460.,4200.,5800.)));
#1293=IFCINDEXEDPOLYGONALFACE((1,4,3,2));
#1294=IFCINDEXEDPOLYGONALFACE((5,6,7,8));
#1295=IFCINDEXEDPOLYGONALFACE((1,2,6,5));
#1296=IFCINDEXEDPOLYGONALFACE((2,3,7,6));
#1297=IFCINDEXEDPOLYGONALFACE((3,4,8,7));
#1298=IFCINDEXEDPOLYGONALFACE((4,1,5,8));
#1299=IFCPOLYGONALFACESET(#1292,$,(#1293,#1294,#1295,#1296,#1297,#1298),$);
#1300=IFCSHAPEREPRESENTATION(#11,'Body','Tessellation',(#1299));
#1301=IFCPRODUCTDEFINITIONSHAPE($,$,(#1300));
#1302=IFCWALL('1G6UWfhAjBigRBoQctUw7Q',$,'Cloison de distribution x22.5 R+1',$,$,$,#1312,$,$);
#1303=IFCCARTESIANPOINTLIST3D(((22460.,10500.,3000.),(22540.,10500.,3000.),(22540.,14500.,3000.),(22460.,14500.,3000.),(22460.,10500.,5800.),(22540.,10500.,5800.),(22540.,14500.,5800.),(22460.,14500.,5800.)));
#1304=IFCINDEXEDPOLYGONALFACE((1,4,3,2));
#1305=IFCINDEXEDPOLYGONALFACE((5,6,7,8));
#1306=IFCINDEXEDPOLYGONALFACE((1,2,6,5));
#1307=IFCINDEXEDPOLYGONALFACE((2,3,7,6));
#1308=IFCINDEXEDPOLYGONALFACE((3,4,8,7));
#1309=IFCINDEXEDPOLYGONALFACE((4,1,5,8));
#1310=IFCPOLYGONALFACESET(#1303,$,(#1304,#1305,#1306,#1307,#1308,#1309),$);
#1311=IFCSHAPEREPRESENTATION(#11,'Body','Tessellation',(#1310));
#1312=IFCPRODUCTDEFINITIONSHAPE($,$,(#1311));
#1313=IFCWALL('0LVWy0tR156RWKW5nMre_x',$,'Cloison de distribution x31.5 R+1',$,$,$,#1323,$,$);
#1314=IFCCARTESIANPOINTLIST3D(((31460.,200.,3000.),(31540.,200.,3000.),(31540.,4200.,3000.),(31460.,4200.,3000.),(31460.,200.,5800.),(31540.,200.,5800.),(31540.,4200.,5800.),(31460.,4200.,5800.)));
#1315=IFCINDEXEDPOLYGONALFACE((1,4,3,2));
#1316=IFCINDEXEDPOLYGONALFACE((5,6,7,8));
#1317=IFCINDEXEDPOLYGONALFACE((1,2,6,5));
#1318=IFCINDEXEDPOLYGONALFACE((2,3,7,6));
#1319=IFCINDEXEDPOLYGONALFACE((3,4,8,7));
#1320=IFCINDEXEDPOLYGONALFACE((4,1,5,8));
#1321=IFCPOLYGONALFACESET(#1314,$,(#1315,#1316,#1317,#1318,#1319,#1320),$);
#1322=IFCSHAPEREPRESENTATION(#11,'Body','Tessellation',(#1321));
#1323=IFCPRODUCTDEFINITIONSHAPE($,$,(#1322));
#1324=IFCWALL('3Qrkn8JXLDpvtAEFd_ygpG',$,'Cloison de distribution x31.5 R+1',$,$,$,#1334,$,$);
#1325=IFCCARTESIANPOINTLIST3D(((31460.,10500.,3000.),(31540.,10500.,3000.),(31540.,14500.,3000.),(31460.,14500.,3000.),(31460.,10500.,5800.),(31540.,10500.,5800.),(31540.,14500.,5800.),(31460.,14500.,5800.)));
#1326=IFCINDEXEDPOLYGONALFACE((1,4,3,2));
#1327=IFCINDEXEDPOLYGONALFACE((5,6,7,8));
#1328=IFCINDEXEDPOLYGONALFACE((1,2,6,5));
#1329=IFCINDEXEDPOLYGONALFACE((2,3,7,6));
#1330=IFCINDEXEDPOLYGONALFACE((3,4,8,7));
#1331=IFCINDEXEDPOLYGONALFACE((4,1,5,8));
#1332=IFCPOLYGONALFACESET(#1325,$,(#1326,#1327,#1328,#1329,#1330,#1331),$);
#1333=IFCSHAPEREPRESENTATION(#11,'Body','Tessellation',(#1332));
#1334=IFCPRODUCTDEFINITIONSHAPE($,$,(#1333));
#1335=IFCSTAIR('3F1IsAqFjDiOVdhYEG_QTe',$,'Escalier R+1',$,$,$,#1345,$,$);
#1336=IFCCARTESIANPOINTLIST3D(((16200.,7700.,3000.),(19800.,7700.,3000.),(19800.,10300.,3000.),(16200.,10300.,3000.),(16200.,7700.,6000.),(19800.,7700.,6000.),(19800.,10300.,6000.),(16200.,10300.,6000.)));
#1337=IFCINDEXEDPOLYGONALFACE((1,4,3,2));
#1338=IFCINDEXEDPOLYGONALFACE((5,6,7,8));
#1339=IFCINDEXEDPOLYGONALFACE((1,2,6,5));
#1340=IFCINDEXEDPOLYGONALFACE((2,3,7,6));
#1341=IFCINDEXEDPOLYGONALFACE((3,4,8,7));
#1342=IFCINDEXEDPOLYGONALFACE((4,1,5,8));
#1343=IFCPOLYGONALFACESET(#1336,$,(#1337,#1338,#1339,#1340,#1341,#1342),$);
#1344=IFCSHAPEREPRESENTATION(#11,'Body','Tessellation',(#1343));
#1345=IFCPRODUCTDEFINITIONSHAPE($,$,(#1344));
#1346=IFCSLAB('0IS0iu8oz9AOy_z0OTK7Um',$,'Plancher haut du R+1',$,$,$,#1356,$,$);
#1347=IFCCARTESIANPOINTLIST3D(((0.,0.,5800.),(36000.,0.,5800.),(36000.,18000.,5800.),(0.,18000.,5800.),(0.,0.,6000.),(36000.,0.,6000.),(36000.,18000.,6000.),(0.,18000.,6000.)));
#1348=IFCINDEXEDPOLYGONALFACE((1,4,3,2));
#1349=IFCINDEXEDPOLYGONALFACE((5,6,7,8));
#1350=IFCINDEXEDPOLYGONALFACE((1,2,6,5));
#1351=IFCINDEXEDPOLYGONALFACE((2,3,7,6));
#1352=IFCINDEXEDPOLYGONALFACE((3,4,8,7));
#1353=IFCINDEXEDPOLYGONALFACE((4,1,5,8));
#1354=IFCPOLYGONALFACESET(#1347,$,(#1348,#1349,#1350,#1351,#1352,#1353),$);
#1355=IFCSHAPEREPRESENTATION(#11,'Body','Tessellation',(#1354));
#1356=IFCPRODUCTDEFINITIONSHAPE($,$,(#1355));
#1357=IFCRELCONTAINEDINSPATIALSTRUCTURE('23_bTM025EkvgnU2bqVw7V',$,$,$,(#2305,#2051,#1798,#2316,#1809,#2327,#2074,#1820,#2338,#2085,#1831,#2349,#2096,#1842,#2360,#2107,#1853,#1346,#2371,#2118,#1864,#2129,#1875,#2140,#1886,#2151,#1897,#2162,#1908,#2173,#1919,#1666,#2184,#1930,#1677,#2195,#1941,#1688,#2206,#1952,#1699,#2217,#1963,#1710,#2228,#1974,#1721,#2239,#1985,#1732,#2250,#1996,#1743,#2261,#2007,#1754,#2272,#2018,#1765,#2283,#2029,#1776,#2294,#2040,#1787),#20);
#1358=IFCWINDOW('04uO2yA4fBNwftpUHLoVcv',$,'Fen\X2\00EA\X0\tre aluminium sud 1 R+1',$,$,$,#1368,$,$,$,$,$,$);
#1359=IFCCARTESIANPOINTLIST3D(((1500.,-20.,3900.),(2900.,-20.,3900.),(2900.,220.,3900.),(1500.,220.,3900.),(1500.,-20.,5200.),(2900.,-20.,5200.),(2900.,220.,5200.),(1500.,220.,5200.)));
#1360=IFCINDEXEDPOLYGONALFACE((1,4,3,2));
#1361=IFCINDEXEDPOLYGONALFACE((5,6,7,8));
#1362=IFCINDEXEDPOLYGONALFACE((1,2,6,5));
#1363=IFCINDEXEDPOLYGONALFACE((2,3,7,6));
#1364=IFCINDEXEDPOLYGONALFACE((3,4,8,7));
#1365=IFCINDEXEDPOLYGONALFACE((4,1,5,8));
#1366=IFCPOLYGONALFACESET(#1359,$,(#1360,#1361,#1362,#1363,#1364,#1365),$);
#1367=IFCSHAPEREPRESENTATION(#11,'Body','Tessellation',(#1366));
#1368=IFCPRODUCTDEFINITIONSHAPE($,$,(#1367));
#1369=IFCWINDOW('0hOS_W$YX9o9o3ZqhhgXO7',$,'Fen\X2\00EA\X0\tre aluminium nord 1 R+1',$,$,$,#1379,$,$,$,$,$,$);
#1370=IFCCARTESIANPOINTLIST3D(((1500.,17780.,3900.),(2900.,17780.,3900.),(2900.,18020.,3900.),(1500.,18020.,3900.),(1500.,17780.,5200.),(2900.,17780.,5200.),(2900.,18020.,5200.),(1500.,18020.,5200.)));
#1371=IFCINDEXEDPOLYGONALFACE((1,4,3,2));
#1372=IFCINDEXEDPOLYGONALFACE((5,6,7,8));
#1373=IFCINDEXEDPOLYGONALFACE((1,2,6,5));
#1374=IFCINDEXEDPOLYGONALFACE((2,3,7,6));
#1375=IFCINDEXEDPOLYGONALFACE((3,4,8,7));
#1376=IFCINDEXEDPOLYGONALFACE((4,1,5,8));
#1377=IFCPOLYGONALFACESET(#1370,$,(#1371,#1372,#1373,#1374,#1375,#1376),$);
#1378=IFCSHAPEREPRESENTATION(#11,'Body','Tessellation',(#1377));
#1379=IFCPRODUCTDEFINITIONSHAPE($,$,(#1378));
#1380=IFCWINDOW('0$ixBkX8XEFvDOqHKGP5Zr',$,'Fen\X2\00EA\X0\tre aluminium sud 2 R+1',$,$,$,#1390,$,$,$,$,$,$);
#1381=IFCCARTESIANPOINTLIST3D(((6000.,-20.,3900.),(7400.,-20.,3900.),(7400.,220.,3900.),(6000.,220.,3900.),(6000.,-20.,5200.),(7400.,-20.,5200.),(7400.,220.,5200.),(6000.,220.,5200.)));
#1382=IFCINDEXEDPOLYGONALFACE((1,4,3,2));
#1383=IFCINDEXEDPOLYGONALFACE((5,6,7,8));
#1384=IFCINDEXEDPOLYGONALFACE((1,2,6,5));
#1385=IFCINDEXEDPOLYGONALFACE((2,3,7,6));
#1386=IFCINDEXEDPOLYGONALFACE((3,4,8,7));
#1387=IFCINDEXEDPOLYGONALFACE((4,1,5,8));
#1388=IFCPOLYGONALFACESET(#1381,$,(#1382,#1383,#1384,#1385,#1386,#1387),$);
#1389=IFCSHAPEREPRESENTATION(#11,'Body','Tessellation',(#1388));
#1390=IFCPRODUCTDEFINITIONSHAPE($,$,(#1389));
#1391=IFCWINDOW('2vZySOhvL9PQKWV1gRhMzu',$,'Fen\X2\00EA\X0\tre aluminium nord 2 R+1',$,$,$,#1401,$,$,$,$,$,$);
#1392=IFCCARTESIANPOINTLIST3D(((6000.,17780.,3900.),(7400.,17780.,3900.),(7400.,18020.,3900.),(6000.,18020.,3900.),(6000.,17780.,5200.),(7400.,17780.,5200.),(7400.,18020.,5200.),(6000.,18020.,5200.)));
#1393=IFCINDEXEDPOLYGONALFACE((1,4,3,2));
#1394=IFCINDEXEDPOLYGONALFACE((5,6,7,8));
#1395=IFCINDEXEDPOLYGONALFACE((1,2,6,5));
#1396=IFCINDEXEDPOLYGONALFACE((2,3,7,6));
#1397=IFCINDEXEDPOLYGONALFACE((3,4,8,7));
#1398=IFCINDEXEDPOLYGONALFACE((4,1,5,8));
#1399=IFCPOLYGONALFACESET(#1392,$,(#1393,#1394,#1395,#1396,#1397,#1398),$);
#1400=IFCSHAPEREPRESENTATION(#11,'Body','Tessellation',(#1399));
#1401=IFCPRODUCTDEFINITIONSHAPE($,$,(#1400));
#1402=IFCWINDOW('37LZHbR1b4bfeq4ybzjxsb',$,'Fen\X2\00EA\X0\tre aluminium sud 3 R+1',$,$,$,#1412,$,$,$,$,$,$);
#1403=IFCCARTESIANPOINTLIST3D(((10500.,-20.,3900.),(11900.,-20.,3900.),(11900.,220.,3900.),(10500.,220.,3900.),(10500.,-20.,5200.),(11900.,-20.,5200.),(11900.,220.,5200.),(10500.,220.,5200.)));
#1404=IFCINDEXEDPOLYGONALFACE((1,4,3,2));
#1405=IFCINDEXEDPOLYGONALFACE((5,6,7,8));
#1406=IFCINDEXEDPOLYGONALFACE((1,2,6,5));
#1407=IFCINDEXEDPOLYGONALFACE((2,3,7,6));
#1408=IFCINDEXEDPOLYGONALFACE((3,4,8,7));
#1409=IFCINDEXEDPOLYGONALFACE((4,1,5,8));
#1410=IFCPOLYGONALFACESET(#1403,$,(#1404,#1405,#1406,#1407,#1408,#1409),$);
#1411=IFCSHAPEREPRESENTATION(#11,'Body','Tessellation',(#1410));
#1412=IFCPRODUCTDEFINITIONSHAPE($,$,(#1411));
#1413=IFCWINDOW('0Xg4jDy898bOfiuhLoj0HT',$,'Fen\X2\00EA\X0\tre aluminium nord 3 R+1',$,$,$,#1423,$,$,$,$,$,$);
#1414=IFCCARTESIANPOINTLIST3D(((10500.,17780.,3900.),(11900.,17780.,3900.),(11900.,18020.,3900.),(10500.,18020.,3900.),(10500.,17780.,5200.),(11900.,17780.,5200.),(11900.,18020.,5200.),(10500.,18020.,5200.)));
#1415=IFCINDEXEDPOLYGONALFACE((1,4,3,2));
#1416=IFCINDEXEDPOLYGONALFACE((5,6,7,8));
#1417=IFCINDEXEDPOLYGONALFACE((1,2,6,5));
#1418=IFCINDEXEDPOLYGONALFACE((2,3,7,6));
#1419=IFCINDEXEDPOLYGONALFACE((3,4,8,7));
#1420=IFCINDEXEDPOLYGONALFACE((4,1,5,8));
#1421=IFCPOLYGONALFACESET(#1414,$,(#1415,#1416,#1417,#1418,#1419,#1420),$);
#1422=IFCSHAPEREPRESENTATION(#11,'Body','Tessellation',(#1421));
#1423=IFCPRODUCTDEFINITIONSHAPE($,$,(#1422));
#1424=IFCWINDOW('0mm0isLdb5Ye3ydB00ounX',$,'Fen\X2\00EA\X0\tre aluminium sud 4 R+1',$,$,$,#1434,$,$,$,$,$,$);
#1425=IFCCARTESIANPOINTLIST3D(((15000.,-20.,3900.),(16400.,-20.,3900.),(16400.,220.,3900.),(15000.,220.,3900.),(15000.,-20.,5200.),(16400.,-20.,5200.),(16400.,220.,5200.),(15000.,220.,5200.)));
#1426=IFCINDEXEDPOLYGONALFACE((1,4,3,2));
#1427=IFCINDEXEDPOLYGONALFACE((5,6,7,8));
#1428=IFCINDEXEDPOLYGONALFACE((1,2,6,5));
#1429=IFCINDEXEDPOLYGONALFACE((2,3,7,6));
#1430=IFCINDEXEDPOLYGONALFACE((3,4,8,7));
#1431=IFCINDEXEDPOLYGONALFACE((4,1,5,8));
#1432=IFCPOLYGONALFACESET(#1425,$,(#1426,#1427,#1428,#1429,#1430,#1431),$);
#1433=IFCSHAPEREPRESENTATION(#11,'Body','Tessellation',(#1432));
#1434=IFCPRODUCTDEFINITIONSHAPE($,$,(#1433));
#1435=IFCWINDOW('3ubmJWZ71FVwgBIV0GvotE',$,'Fen\X2\00EA\X0\tre aluminium nord 4 R+1',$,$,$,#1445,$,$,$,$,$,$);
#1436=IFCCARTESIANPOINTLIST3D(((15000.,17780.,3900.),(16400.,17780.,3900.),(16400.,18020.,3900.),(15000.,18020.,3900.),(15000.,17780.,5200.),(16400.,17780.,5200.),(16400.,18020.,5200.),(15000.,18020.,5200.)));
#1437=IFCINDEXEDPOLYGONALFACE((1,4,3,2));
#1438=IFCINDEXEDPOLYGONALFACE((5,6,7,8));
#1439=IFCINDEXEDPOLYGONALFACE((1,2,6,5));
#1440=IFCINDEXEDPOLYGONALFACE((2,3,7,6));
#1441=IFCINDEXEDPOLYGONALFACE((3,4,8,7));
#1442=IFCINDEXEDPOLYGONALFACE((4,1,5,8));
#1443=IFCPOLYGONALFACESET(#1436,$,(#1437,#1438,#1439,#1440,#1441,#1442),$);
#1444=IFCSHAPEREPRESENTATION(#11,'Body','Tessellation',(#1443));
#1445=IFCPRODUCTDEFINITIONSHAPE($,$,(#1444));
#1446=IFCWINDOW('05Z34ojvr4sg42siHn6a0b',$,'Fen\X2\00EA\X0\tre aluminium sud 5 R+1',$,$,$,#1456,$,$,$,$,$,$);
#1447=IFCCARTESIANPOINTLIST3D(((19500.,-20.,3900.),(20900.,-20.,3900.),(20900.,220.,3900.),(19500.,220.,3900.),(19500.,-20.,5200.),(20900.,-20.,5200.),(20900.,220.,5200.),(19500.,220.,5200.)));
#1448=IFCINDEXEDPOLYGONALFACE((1,4,3,2));
#1449=IFCINDEXEDPOLYGONALFACE((5,6,7,8));
#1450=IFCINDEXEDPOLYGONALFACE((1,2,6,5));
#1451=IFCINDEXEDPOLYGONALFACE((2,3,7,6));
#1452=IFCINDEXEDPOLYGONALFACE((3,4,8,7));
#1453=IFCINDEXEDPOLYGONALFACE((4,1,5,8));
#1454=IFCPOLYGONALFACESET(#1447,$,(#1448,#1449,#1450,#1451,#1452,#1453),$);
#1455=IFCSHAPEREPRESENTATION(#11,'Body','Tessellation',(#1454));
#1456=IFCPRODUCTDEFINITIONSHAPE($,$,(#1455));
#1457=IFCWINDOW('2cMXASSdb4qwJKNwIsui_n',$,'Fen\X2\00EA\X0\tre aluminium nord 5 R+1',$,$,$,#1467,$,$,$,$,$,$);
#1458=IFCCARTESIANPOINTLIST3D(((19500.,17780.,3900.),(20900.,17780.,3900.),(20900.,18020.,3900.),(19500.,18020.,3900.),(19500.,17780.,5200.),(20900.,17780.,5200.),(20900.,18020.,5200.),(19500.,18020.,5200.)));
#1459=IFCINDEXEDPOLYGONALFACE((1,4,3,2));
#1460=IFCINDEXEDPOLYGONALFACE((5,6,7,8));
#1461=IFCINDEXEDPOLYGONALFACE((1,2,6,5));
#1462=IFCINDEXEDPOLYGONALFACE((2,3,7,6));
#1463=IFCINDEXEDPOLYGONALFACE((3,4,8,7));
#1464=IFCINDEXEDPOLYGONALFACE((4,1,5,8));
#1465=IFCPOLYGONALFACESET(#1458,$,(#1459,#1460,#1461,#1462,#1463,#1464),$);
#1466=IFCSHAPEREPRESENTATION(#11,'Body','Tessellation',(#1465));
#1467=IFCPRODUCTDEFINITIONSHAPE($,$,(#1466));
#1468=IFCWINDOW('3DJ45w1$55bhAjM1wJbuEi',$,'Fen\X2\00EA\X0\tre aluminium sud 6 R+1',$,$,$,#1478,$,$,$,$,$,$);
#1469=IFCCARTESIANPOINTLIST3D(((24000.,-20.,3900.),(25400.,-20.,3900.),(25400.,220.,3900.),(24000.,220.,3900.),(24000.,-20.,5200.),(25400.,-20.,5200.),(25400.,220.,5200.),(24000.,220.,5200.)));
#1470=IFCINDEXEDPOLYGONALFACE((1,4,3,2));
#1471=IFCINDEXEDPOLYGONALFACE((5,6,7,8));
#1472=IFCINDEXEDPOLYGONALFACE((1,2,6,5));
#1473=IFCINDEXEDPOLYGONALFACE((2,3,7,6));
#1474=IFCINDEXEDPOLYGONALFACE((3,4,8,7));
#1475=IFCINDEXEDPOLYGONALFACE((4,1,5,8));
#1476=IFCPOLYGONALFACESET(#1469,$,(#1470,#1471,#1472,#1473,#1474,#1475),$);
#1477=IFCSHAPEREPRESENTATION(#11,'Body','Tessellation',(#1476));
#1478=IFCPRODUCTDEFINITIONSHAPE($,$,(#1477));
#1479=IFCWINDOW('1PlXaKnPP1CwBNI$ar2v3S',$,'Fen\X2\00EA\X0\tre aluminium nord 6 R+1',$,$,$,#1489,$,$,$,$,$,$);
#1480=IFCCARTESIANPOINTLIST3D(((24000.,17780.,3900.),(25400.,17780.,3900.),(25400.,18020.,3900.),(24000.,18020.,3900.),(24000.,17780.,5200.),(25400.,17780.,5200.),(25400.,18020.,5200.),(24000.,18020.,5200.)));
#1481=IFCINDEXEDPOLYGONALFACE((1,4,3,2));
#1482=IFCINDEXEDPOLYGONALFACE((5,6,7,8));
#1483=IFCINDEXEDPOLYGONALFACE((1,2,6,5));
#1484=IFCINDEXEDPOLYGONALFACE((2,3,7,6));
#1485=IFCINDEXEDPOLYGONALFACE((3,4,8,7));
#1486=IFCINDEXEDPOLYGONALFACE((4,1,5,8));
#1487=IFCPOLYGONALFACESET(#1480,$,(#1481,#1482,#1483,#1484,#1485,#1486),$);
#1488=IFCSHAPEREPRESENTATION(#11,'Body','Tessellation',(#1487));
#1489=IFCPRODUCTDEFINITIONSHAPE($,$,(#1488));
#1490=IFCWINDOW('2jYnka1hvAVuqJ_ZdlTDj7',$,'Fen\X2\00EA\X0\tre aluminium sud 7 R+1',$,$,$,#1500,$,$,$,$,$,$);
#1491=IFCCARTESIANPOINTLIST3D(((28500.,-20.,3900.),(29900.,-20.,3900.),(29900.,220.,3900.),(28500.,220.,3900.),(28500.,-20.,5200.),(29900.,-20.,5200.),(29900.,220.,5200.),(28500.,220.,5200.)));
#1492=IFCINDEXEDPOLYGONALFACE((1,4,3,2));
#1493=IFCINDEXEDPOLYGONALFACE((5,6,7,8));
#1494=IFCINDEXEDPOLYGONALFACE((1,2,6,5));
#1495=IFCINDEXEDPOLYGONALFACE((2,3,7,6));
#1496=IFCINDEXEDPOLYGONALFACE((3,4,8,7));
#1497=IFCINDEXEDPOLYGONALFACE((4,1,5,8));
#1498=IFCPOLYGONALFACESET(#1491,$,(#1492,#1493,#1494,#1495,#1496,#1497),$);
#1499=IFCSHAPEREPRESENTATION(#11,'Body','Tessellation',(#1498));
#1500=IFCPRODUCTDEFINITIONSHAPE($,$,(#1499));
#1501=IFCWINDOW('1BZR9oZBn8WR_OrXUmneST',$,'Fen\X2\00EA\X0\tre aluminium nord 7 R+1',$,$,$,#1511,$,$,$,$,$,$);
#1502=IFCCARTESIANPOINTLIST3D(((28500.,17780.,3900.),(29900.,17780.,3900.),(29900.,18020.,3900.),(28500.,18020.,3900.),(28500.,17780.,5200.),(29900.,17780.,5200.),(29900.,18020.,5200.),(28500.,18020.,5200.)));
#1503=IFCINDEXEDPOLYGONALFACE((1,4,3,2));
#1504=IFCINDEXEDPOLYGONALFACE((5,6,7,8));
#1505=IFCINDEXEDPOLYGONALFACE((1,2,6,5));
#1506=IFCINDEXEDPOLYGONALFACE((2,3,7,6));
#1507=IFCINDEXEDPOLYGONALFACE((3,4,8,7));
#1508=IFCINDEXEDPOLYGONALFACE((4,1,5,8));
#1509=IFCPOLYGONALFACESET(#1502,$,(#1503,#1504,#1505,#1506,#1507,#1508),$);
#1510=IFCSHAPEREPRESENTATION(#11,'Body','Tessellation',(#1509));
#1511=IFCPRODUCTDEFINITIONSHAPE($,$,(#1510));
#1512=IFCWINDOW('0uH$UZzz12zfZ9wnzlzewb',$,'Fen\X2\00EA\X0\tre aluminium sud 8 R+1',$,$,$,#1522,$,$,$,$,$,$);
#1513=IFCCARTESIANPOINTLIST3D(((33000.,-20.,3900.),(34400.,-20.,3900.),(34400.,220.,3900.),(33000.,220.,3900.),(33000.,-20.,5200.),(34400.,-20.,5200.),(34400.,220.,5200.),(33000.,220.,5200.)));
#1514=IFCINDEXEDPOLYGONALFACE((1,4,3,2));
#1515=IFCINDEXEDPOLYGONALFACE((5,6,7,8));
#1516=IFCINDEXEDPOLYGONALFACE((1,2,6,5));
#1517=IFCINDEXEDPOLYGONALFACE((2,3,7,6));
#1518=IFCINDEXEDPOLYGONALFACE((3,4,8,7));
#1519=IFCINDEXEDPOLYGONALFACE((4,1,5,8));
#1520=IFCPOLYGONALFACESET(#1513,$,(#1514,#1515,#1516,#1517,#1518,#1519),$);
#1521=IFCSHAPEREPRESENTATION(#11,'Body','Tessellation',(#1520));
#1522=IFCPRODUCTDEFINITIONSHAPE($,$,(#1521));
#1523=IFCWINDOW('2vBRdillf6eA9TXutxB28Z',$,'Fen\X2\00EA\X0\tre aluminium nord 8 R+1',$,$,$,#1533,$,$,$,$,$,$);
#1524=IFCCARTESIANPOINTLIST3D(((33000.,17780.,3900.),(34400.,17780.,3900.),(34400.,18020.,3900.),(33000.,18020.,3900.),(33000.,17780.,5200.),(34400.,17780.,5200.),(34400.,18020.,5200.),(33000.,18020.,5200.)));
#1525=IFCINDEXEDPOLYGONALFACE((1,4,3,2));
#1526=IFCINDEXEDPOLYGONALFACE((5,6,7,8));
#1527=IFCINDEXEDPOLYGONALFACE((1,2,6,5));
#1528=IFCINDEXEDPOLYGONALFACE((2,3,7,6));
#1529=IFCINDEXEDPOLYGONALFACE((3,4,8,7));
#1530=IFCINDEXEDPOLYGONALFACE((4,1,5,8));
#1531=IFCPOLYGONALFACESET(#1524,$,(#1525,#1526,#1527,#1528,#1529,#1530),$);
#1532=IFCSHAPEREPRESENTATION(#11,'Body','Tessellation',(#1531));
#1533=IFCPRODUCTDEFINITIONSHAPE($,$,(#1532));
#1534=IFCDOOR('0eNtZ2IHz86fvehTeauJ5u',$,'Porte pali\X2\00E8\X0\re bois 1A R+1',$,$,$,#1544,$,$,$,$,$,$);
#1535=IFCCARTESIANPOINTLIST3D(((2000.,7450.,3000.),(2900.,7450.,3000.),(2900.,7550.,3000.),(2000.,7550.,3000.),(2000.,7450.,5100.),(2900.,7450.,5100.),(2900.,7550.,5100.),(2000.,7550.,5100.)));
#1536=IFCINDEXEDPOLYGONALFACE((1,4,3,2));
#1537=IFCINDEXEDPOLYGONALFACE((5,6,7,8));
#1538=IFCINDEXEDPOLYGONALFACE((1,2,6,5));
#1539=IFCINDEXEDPOLYGONALFACE((2,3,7,6));
#1540=IFCINDEXEDPOLYGONALFACE((3,4,8,7));
#1541=IFCINDEXEDPOLYGONALFACE((4,1,5,8));
#1542=IFCPOLYGONALFACESET(#1535,$,(#1536,#1537,#1538,#1539,#1540,#1541),$);
#1543=IFCSHAPEREPRESENTATION(#11,'Body','Tessellation',(#1542));
#1544=IFCPRODUCTDEFINITIONSHAPE($,$,(#1543));
#1545=IFCDOOR('2kx3ZltDzFCBVKlaVYchRh',$,'Porte pali\X2\00E8\X0\re bois 1B R+1',$,$,$,#1555,$,$,$,$,$,$);
#1546=IFCCARTESIANPOINTLIST3D(((2000.,10450.,3000.),(2900.,10450.,3000.),(2900.,10549.999999999998,3000.),(2000.,10549.999999999998,3000.),(2000.,10450.,5100.),(2900.,10450.,5100.),(2900.,10549.999999999998,5100.),(2000.,10549.999999999998,5100.)));
#1547=IFCINDEXEDPOLYGONALFACE((1,4,3,2));
#1548=IFCINDEXEDPOLYGONALFACE((5,6,7,8));
#1549=IFCINDEXEDPOLYGONALFACE((1,2,6,5));
#1550=IFCINDEXEDPOLYGONALFACE((2,3,7,6));
#1551=IFCINDEXEDPOLYGONALFACE((3,4,8,7));
#1552=IFCINDEXEDPOLYGONALFACE((4,1,5,8));
#1553=IFCPOLYGONALFACESET(#1546,$,(#1547,#1548,#1549,#1550,#1551,#1552),$);
#1554=IFCSHAPEREPRESENTATION(#11,'Body','Tessellation',(#1553));
#1555=IFCPRODUCTDEFINITIONSHAPE($,$,(#1554));
#1556=IFCDOOR('3_cL96lD55twhGmNCUOOJg',$,'Porte pali\X2\00E8\X0\re bois 2A R+1',$,$,$,#1566,$,$,$,$,$,$);
#1557=IFCCARTESIANPOINTLIST3D(((11000.,7450.,3000.),(11900.,7450.,3000.),(11900.,7550.,3000.),(11000.,7550.,3000.),(11000.,7450.,5100.),(11900.,7450.,5100.),(11900.,7550.,5100.),(11000.,7550.,5100.)));
#1558=IFCINDEXEDPOLYGONALFACE((1,4,3,2));
#1559=IFCINDEXEDPOLYGONALFACE((5,6,7,8));
#1560=IFCINDEXEDPOLYGONALFACE((1,2,6,5));
#1561=IFCINDEXEDPOLYGONALFACE((2,3,7,6));
#1562=IFCINDEXEDPOLYGONALFACE((3,4,8,7));
#1563=IFCINDEXEDPOLYGONALFACE((4,1,5,8));
#1564=IFCPOLYGONALFACESET(#1557,$,(#1558,#1559,#1560,#1561,#1562,#1563),$);
#1565=IFCSHAPEREPRESENTATION(#11,'Body','Tessellation',(#1564));
#1566=IFCPRODUCTDEFINITIONSHAPE($,$,(#1565));
#1567=IFCDOOR('171hm_MpjFtxxK$mfFM2jy',$,'Porte pali\X2\00E8\X0\re bois 2B R+1',$,$,$,#1577,$,$,$,$,$,$);
#1568=IFCCARTESIANPOINTLIST3D(((11000.,10450.,3000.),(11900.,10450.,3000.),(11900.,10549.999999999998,3000.),(11000.,10549.999999999998,3000.),(11000.,10450.,5100.),(11900.,10450.,5100.),(11900.,10549.999999999998,5100.),(11000.,10549.999999999998,5100.)));
#1569=IFCINDEXEDPOLYGONALFACE((1,4,3,2));
#1570=IFCINDEXEDPOLYGONALFACE((5,6,7,8));
#1571=IFCINDEXEDPOLYGONALFACE((1,2,6,5));
#1572=IFCINDEXEDPOLYGONALFACE((2,3,7,6));
#1573=IFCINDEXEDPOLYGONALFACE((3,4,8,7));
#1574=IFCINDEXEDPOLYGONALFACE((4,1,5,8));
#1575=IFCPOLYGONALFACESET(#1568,$,(#1569,#1570,#1571,#1572,#1573,#1574),$);
#1576=IFCSHAPEREPRESENTATION(#11,'Body','Tessellation',(#1575));
#1577=IFCPRODUCTDEFINITIONSHAPE($,$,(#1576));
#1578=IFCDOOR('0Eia7k7855wQcFGfZCLZYE',$,'Porte pali\X2\00E8\X0\re bois 3A R+1',$,$,$,#1588,$,$,$,$,$,$);
#1579=IFCCARTESIANPOINTLIST3D(((20500.,7450.,3000.),(21400.,7450.,3000.),(21400.,7550.,3000.),(20500.,7550.,3000.),(20500.,7450.,5100.),(21400.,7450.,5100.),(21400.,7550.,5100.),(20500.,7550.,5100.)));
#1580=IFCINDEXEDPOLYGONALFACE((1,4,3,2));
#1581=IFCINDEXEDPOLYGONALFACE((5,6,7,8));
#1582=IFCINDEXEDPOLYGONALFACE((1,2,6,5));
#1583=IFCINDEXEDPOLYGONALFACE((2,3,7,6));
#1584=IFCINDEXEDPOLYGONALFACE((3,4,8,7));
#1585=IFCINDEXEDPOLYGONALFACE((4,1,5,8));
#1586=IFCPOLYGONALFACESET(#1579,$,(#1580,#1581,#1582,#1583,#1584,#1585),$);
#1587=IFCSHAPEREPRESENTATION(#11,'Body','Tessellation',(#1586));
#1588=IFCPRODUCTDEFINITIONSHAPE($,$,(#1587));
#1589=IFCDOOR('0n4teIwRX4kR7q5TY$4vgc',$,'Porte pali\X2\00E8\X0\re bois 3B R+1',$,$,$,#1599,$,$,$,$,$,$);
#1590=IFCCARTESIANPOINTLIST3D(((20500.,10450.,3000.),(21400.,10450.,3000.),(21400.,10549.999999999998,3000.),(20500.,10549.999999999998,3000.),(20500.,10450.,5100.),(21400.,10450.,5100.),(21400.,10549.999999999998,5100.),(20500.,10549.999999999998,5100.)));
#1591=IFCINDEXEDPOLYGONALFACE((1,4,3,2));
#1592=IFCINDEXEDPOLYGONALFACE((5,6,7,8));
#1593=IFCINDEXEDPOLYGONALFACE((1,2,6,5));
#1594=IFCINDEXEDPOLYGONALFACE((2,3,7,6));
#1595=IFCINDEXEDPOLYGONALFACE((3,4,8,7));
#1596=IFCINDEXEDPOLYGONALFACE((4,1,5,8));
#1597=IFCPOLYGONALFACESET(#1590,$,(#1591,#1592,#1593,#1594,#1595,#1596),$);
#1598=IFCSHAPEREPRESENTATION(#11,'Body','Tessellation',(#1597));
#1599=IFCPRODUCTDEFINITIONSHAPE($,$,(#1598));
#1600=IFCDOOR('3OF9pxk8L0b9CJ$gdLXTNn',$,'Porte pali\X2\00E8\X0\re bois 4A R+1',$,$,$,#1610,$,$,$,$,$,$);
#1601=IFCCARTESIANPOINTLIST3D(((29000.,7450.,3000.),(29900.,7450.,3000.),(29900.,7550.,3000.),(29000.,7550.,3000.),(29000.,7450.,5100.),(29900.,7450.,5100.),(29900.,7550.,5100.),(29000.,7550.,5100.)));
#1602=IFCINDEXEDPOLYGONALFACE((1,4,3,2));
#1603=IFCINDEXEDPOLYGONALFACE((5,6,7,8));
#1604=IFCINDEXEDPOLYGONALFACE((1,2,6,5));
#1605=IFCINDEXEDPOLYGONALFACE((2,3,7,6));
#1606=IFCINDEXEDPOLYGONALFACE((3,4,8,7));
#1607=IFCINDEXEDPOLYGONALFACE((4,1,5,8));
#1608=IFCPOLYGONALFACESET(#1601,$,(#1602,#1603,#1604,#1605,#1606,#1607),$);
#1609=IFCSHAPEREPRESENTATION(#11,'Body','Tessellation',(#1608));
#1610=IFCPRODUCTDEFINITIONSHAPE($,$,(#1609));
#1611=IFCDOOR('2m4mvhLCj3w9vepL0qZxf3',$,'Porte pali\X2\00E8\X0\re bois 4B R+1',$,$,$,#1621,$,$,$,$,$,$);
#1612=IFCCARTESIANPOINTLIST3D(((29000.,10450.,3000.),(29900.,10450.,3000.),(29900.,10549.999999999998,3000.),(29000.,10549.999999999998,3000.),(29000.,10450.,5100.),(29900.,10450.,5100.),(29900.,10549.999999999998,5100.),(29000.,10549.999999999998,5100.)));
#1613=IFCINDEXEDPOLYGONALFACE((1,4,3,2));
#1614=IFCINDEXEDPOLYGONALFACE((5,6,7,8));
#1615=IFCINDEXEDPOLYGONALFACE((1,2,6,5));
#1616=IFCINDEXEDPOLYGONALFACE((2,3,7,6));
#1617=IFCINDEXEDPOLYGONALFACE((3,4,8,7));
#1618=IFCINDEXEDPOLYGONALFACE((4,1,5,8));
#1619=IFCPOLYGONALFACESET(#1612,$,(#1613,#1614,#1615,#1616,#1617,#1618),$);
#1620=IFCSHAPEREPRESENTATION(#11,'Body','Tessellation',(#1619));
#1621=IFCPRODUCTDEFINITIONSHAPE($,$,(#1620));
#1622=IFCRAILING('0IuLcoUXf9qAzbNYNDe9yr',$,'Garde-corps balcon 1 R+1',$,$,$,#1632,$,$);
#1623=IFCCARTESIANPOINTLIST3D(((1000.,-1200.,3000.),(8000.,-1200.,3000.),(8000.,-1150.,3000.),(1000.,-1150.,3000.),(1000.,-1200.,4000.),(8000.,-1200.,4000.),(8000.,-1150.,4000.),(1000.,-1150.,4000.)));
#1624=IFCINDEXEDPOLYGONALFACE((1,4,3,2));
#1625=IFCINDEXEDPOLYGONALFACE((5,6,7,8));
#1626=IFCINDEXEDPOLYGONALFACE((1,2,6,5));
#1627=IFCINDEXEDPOLYGONALFACE((2,3,7,6));
#1628=IFCINDEXEDPOLYGONALFACE((3,4,8,7));
#1629=IFCINDEXEDPOLYGONALFACE((4,1,5,8));
#1630=IFCPOLYGONALFACESET(#1623,$,(#1624,#1625,#1626,#1627,#1628,#1629),$);
#1631=IFCSHAPEREPRESENTATION(#11,'Body','Tessellation',(#1630));
#1632=IFCPRODUCTDEFINITIONSHAPE($,$,(#1631));
#1633=IFCRAILING('0aXFUiXpfEVxr1R6gSXeaR',$,'Garde-corps balcon 2 R+1',$,$,$,#1643,$,$);
#1634=IFCCARTESIANPOINTLIST3D(((10000.,-1200.,3000.),(17000.,-1200.,3000.),(17000.,-1150.,3000.),(10000.,-1150.,3000.),(10000.,-1200.,4000.),(17000.,-1200.,4000.),(17000.,-1150.,4000.),(10000.,-1150.,4000.)));
#1635=IFCINDEXEDPOLYGONALFACE((1,4,3,2));
#1636=IFCINDEXEDPOLYGONALFACE((5,6,7,8));
#1637=IFCINDEXEDPOLYGONALFACE((1,2,6,5));
#1638=IFCINDEXEDPOLYGONALFACE((2,3,7,6));
#1639=IFCINDEXEDPOLYGONALFACE((3,4,8,7));
#1640=IFCINDEXEDPOLYGONALFACE((4,1,5,8));
#1641=IFCPOLYGONALFACESET(#1634,$,(#1635,#1636,#1637,#1638,#1639,#1640),$);
#1642=IFCSHAPEREPRESENTATION(#11,'Body','Tessellation',(#1641));
#1643=IFCPRODUCTDEFINITIONSHAPE($,$,(#1642));
#1644=IFCRAILING('3ESAXk0Ff0IOJYquLPDsUq',$,'Garde-corps balcon 3 R+1',$,$,$,#1654,$,$);
#1645=IFCCARTESIANPOINTLIST3D(((19000.,-1200.,3000.),(26000.,-1200.,3000.),(26000.,-1150.,3000.),(19000.,-1150.,3000.),(19000.,-1200.,4000.),(26000.,-1200.,4000.),(26000.,-1150.,4000.),(19000.,-1150.,4000.)));
#1646=IFCINDEXEDPOLYGONALFACE((1,4,3,2));
#1647=IFCINDEXEDPOLYGONALFACE((5,6,7,8));
#1648=IFCINDEXEDPOLYGONALFACE((1,2,6,5));
#1649=IFCINDEXEDPOLYGONALFACE((2,3,7,6));
#1650=IFCINDEXEDPOLYGONALFACE((3,4,8,7));
#1651=IFCINDEXEDPOLYGONALFACE((4,1,5,8));
#1652=IFCPOLYGONALFACESET(#1645,$,(#1646,#1647,#1648,#1649,#1650,#1651),$);
#1653=IFCSHAPEREPRESENTATION(#11,'Body','Tessellation',(#1652));
#1654=IFCPRODUCTDEFINITIONSHAPE($,$,(#1653));
#1655=IFCRAILING('1Uflo$L0X1hOZhGQIrd7DU',$,'Garde-corps balcon 4 R+1',$,$,$,#1665,$,$);
#1656=IFCCARTESIANPOINTLIST3D(((28000.,-1200.,3000.),(35000.,-1200.,3000.),(35000.,-1150.,3000.),(28000.,-1150.,3000.),(28000.,-1200.,4000.),(35000.,-1200.,4000.),(35000.,-1150.,4000.),(28000.,-1150.,4000.)));
#1657=IFCINDEXEDPOLYGONALFACE((1,4,3,2));
#1658=IFCINDEXEDPOLYGONALFACE((5,6,7,8));
#1659=IFCINDEXEDPOLYGONALFACE((1,2,6,5));
#1660=IFCINDEXEDPOLYGONALFACE((2,3,7,6));
#1661=IFCINDEXEDPOLYGONALFACE((3,4,8,7));
#1662=IFCINDEXEDPOLYGONALFACE((4,1,5,8));
#1663=IFCPOLYGONALFACESET(#1656,$,(#1657,#1658,#1659,#1660,#1661,#1662),$);
#1664=IFCSHAPEREPRESENTATION(#11,'Body','Tessellation',(#1663));
#1665=IFCPRODUCTDEFINITIONSHAPE($,$,(#1664));
#1666=IFCCOLUMN('0O3S3ao8521vChrI3ylbaR',$,'Poteau P1A R+2',$,$,$,#1676,$,$);
#1667=IFCCARTESIANPOINTLIST3D(((-150.,-150.,6000.),(150.,-150.,6000.),(150.,150.,6000.),(-150.,150.,6000.),(-150.,-150.,8800.),(150.,-150.,8800.),(150.,150.,8800.),(-150.,150.,8800.)));
#1668=IFCINDEXEDPOLYGONALFACE((1,4,3,2));
#1669=IFCINDEXEDPOLYGONALFACE((5,6,7,8));
#1670=IFCINDEXEDPOLYGONALFACE((1,2,6,5));
#1671=IFCINDEXEDPOLYGONALFACE((2,3,7,6));
#1672=IFCINDEXEDPOLYGONALFACE((3,4,8,7));
#1673=IFCINDEXEDPOLYGONALFACE((4,1,5,8));
#1674=IFCPOLYGONALFACESET(#1667,$,(#1668,#1669,#1670,#1671,#1672,#1673),$);
#1675=IFCSHAPEREPRESENTATION(#11,'Body','Tessellation',(#1674));
#1676=IFCPRODUCTDEFINITIONSHAPE($,$,(#1675));
#1677=IFCCOLUMN('2KCpMFwpj28PC4b78H_BdL',$,'Poteau P1B R+2',$,$,$,#1687,$,$);
#1678=IFCCARTESIANPOINTLIST3D(((-150.,8850.,6000.),(150.,8850.,6000.),(150.,9150.,6000.),(-150.,9150.,6000.),(-150.,8850.,8800.),(150.,8850.,8800.),(150.,9150.,8800.),(-150.,9150.,8800.)));
#1679=IFCINDEXEDPOLYGONALFACE((1,4,3,2));
#1680=IFCINDEXEDPOLYGONALFACE((5,6,7,8));
#1681=IFCINDEXEDPOLYGONALFACE((1,2,6,5));
#1682=IFCINDEXEDPOLYGONALFACE((2,3,7,6));
#1683=IFCINDEXEDPOLYGONALFACE((3,4,8,7));
#1684=IFCINDEXEDPOLYGONALFACE((4,1,5,8));
#1685=IFCPOLYGONALFACESET(#1678,$,(#1679,#1680,#1681,#1682,#1683,#1684),$);
#1686=IFCSHAPEREPRESENTATION(#11,'Body','Tessellation',(#1685));
#1687=IFCPRODUCTDEFINITIONSHAPE($,$,(#1686));
#1688=IFCCOLUMN('2rm$ON9GP39wOgC9G6BNKH',$,'Poteau P1C R+2',$,$,$,#1698,$,$);
#1689=IFCCARTESIANPOINTLIST3D(((-150.,17850.,6000.),(150.,17850.,6000.),(150.,18150.000000000004,6000.),(-150.,18150.000000000004,6000.),(-150.,17850.,8800.),(150.,17850.,8800.),(150.,18150.000000000004,8800.),(-150.,18150.000000000004,8800.)));
#1690=IFCINDEXEDPOLYGONALFACE((1,4,3,2));
#1691=IFCINDEXEDPOLYGONALFACE((5,6,7,8));
#1692=IFCINDEXEDPOLYGONALFACE((1,2,6,5));
#1693=IFCINDEXEDPOLYGONALFACE((2,3,7,6));
#1694=IFCINDEXEDPOLYGONALFACE((3,4,8,7));
#1695=IFCINDEXEDPOLYGONALFACE((4,1,5,8));
#1696=IFCPOLYGONALFACESET(#1689,$,(#1690,#1691,#1692,#1693,#1694,#1695),$);
#1697=IFCSHAPEREPRESENTATION(#11,'Body','Tessellation',(#1696));
#1698=IFCPRODUCTDEFINITIONSHAPE($,$,(#1697));
#1699=IFCCOLUMN('0m14tvY5TDmBA5Ccmr7SgN',$,'Poteau P2A R+2',$,$,$,#1709,$,$);
#1700=IFCCARTESIANPOINTLIST3D(((8850.,-150.,6000.),(9150.,-150.,6000.),(9150.,150.,6000.),(8850.,150.,6000.),(8850.,-150.,8800.),(9150.,-150.,8800.),(9150.,150.,8800.),(8850.,150.,8800.)));
#1701=IFCINDEXEDPOLYGONALFACE((1,4,3,2));
#1702=IFCINDEXEDPOLYGONALFACE((5,6,7,8));
#1703=IFCINDEXEDPOLYGONALFACE((1,2,6,5));
#1704=IFCINDEXEDPOLYGONALFACE((2,3,7,6));
#1705=IFCINDEXEDPOLYGONALFACE((3,4,8,7));
#1706=IFCINDEXEDPOLYGONALFACE((4,1,5,8));
#1707=IFCPOLYGONALFACESET(#1700,$,(#1701,#1702,#1703,#1704,#1705,#1706),$);
#1708=IFCSHAPEREPRESENTATION(#11,'Body','Tessellation',(#1707));
#1709=IFCPRODUCTDEFINITIONSHAPE($,$,(#1708));
#1710=IFCCOLUMN('0W6Sw_61v2D9j01skcvrAV',$,'Poteau P2B R+2',$,$,$,#1720,$,$);
#1711=IFCCARTESIANPOINTLIST3D(((8850.,8850.,6000.),(9150.,8850.,6000.),(9150.,9150.,6000.),(8850.,9150.,6000.),(8850.,8850.,8800.),(9150.,8850.,8800.),(9150.,9150.,8800.),(8850.,9150.,8800.)));
#1712=IFCINDEXEDPOLYGONALFACE((1,4,3,2));
#1713=IFCINDEXEDPOLYGONALFACE((5,6,7,8));
#1714=IFCINDEXEDPOLYGONALFACE((1,2,6,5));
#1715=IFCINDEXEDPOLYGONALFACE((2,3,7,6));
#1716=IFCINDEXEDPOLYGONALFACE((3,4,8,7));
#1717=IFCINDEXEDPOLYGONALFACE((4,1,5,8));
#1718=IFCPOLYGONALFACESET(#1711,$,(#1712,#1713,#1714,#1715,#1716,#1717),$);
#1719=IFCSHAPEREPRESENTATION(#11,'Body','Tessellation',(#1718));
#1720=IFCPRODUCTDEFINITIONSHAPE($,$,(#1719));
#1721=IFCCOLUMN('2pkfv9j7zDIORQduFSsvJu',$,'Poteau P2C R+2',$,$,$,#1731,$,$);
#1722=IFCCARTESIANPOINTLIST3D(((8850.,17850.,6000.),(9150.,17850.,6000.),(9150.,18150.000000000004,6000.),(8850.,18150.000000000004,6000.),(8850.,17850.,8800.),(9150.,17850.,8800.),(9150.,18150.000000000004,8800.),(8850.,18150.000000000004,8800.)));
#1723=IFCINDEXEDPOLYGONALFACE((1,4,3,2));
#1724=IFCINDEXEDPOLYGONALFACE((5,6,7,8));
#1725=IFCINDEXEDPOLYGONALFACE((1,2,6,5));
#1726=IFCINDEXEDPOLYGONALFACE((2,3,7,6));
#1727=IFCINDEXEDPOLYGONALFACE((3,4,8,7));
#1728=IFCINDEXEDPOLYGONALFACE((4,1,5,8));
#1729=IFCPOLYGONALFACESET(#1722,$,(#1723,#1724,#1725,#1726,#1727,#1728),$);
#1730=IFCSHAPEREPRESENTATION(#11,'Body','Tessellation',(#1729));
#1731=IFCPRODUCTDEFINITIONSHAPE($,$,(#1730));
#1732=IFCCOLUMN('1nD2y4RIrCAObIg3PUt6ql',$,'Poteau P3A R+2',$,$,$,#1742,$,$);
#1733=IFCCARTESIANPOINTLIST3D(((17850.,-150.,6000.),(18150.000000000004,-150.,6000.),(18150.000000000004,150.,6000.),(17850.,150.,6000.),(17850.,-150.,8800.),(18150.000000000004,-150.,8800.),(18150.000000000004,150.,8800.),(17850.,150.,8800.)));
#1734=IFCINDEXEDPOLYGONALFACE((1,4,3,2));
#1735=IFCINDEXEDPOLYGONALFACE((5,6,7,8));
#1736=IFCINDEXEDPOLYGONALFACE((1,2,6,5));
#1737=IFCINDEXEDPOLYGONALFACE((2,3,7,6));
#1738=IFCINDEXEDPOLYGONALFACE((3,4,8,7));
#1739=IFCINDEXEDPOLYGONALFACE((4,1,5,8));
#1740=IFCPOLYGONALFACESET(#1733,$,(#1734,#1735,#1736,#1737,#1738,#1739),$);
#1741=IFCSHAPEREPRESENTATION(#11,'Body','Tessellation',(#1740));
#1742=IFCPRODUCTDEFINITIONSHAPE($,$,(#1741));
#1743=IFCCOLUMN('3w5Ps1pz9C0wnDUxQ34RMy',$,'Poteau P3B R+2',$,$,$,#1753,$,$);
#1744=IFCCARTESIANPOINTLIST3D(((17850.,8850.,6000.),(18150.000000000004,8850.,6000.),(18150.000000000004,9150.,6000.),(17850.,9150.,6000.),(17850.,8850.,8800.),(18150.000000000004,8850.,8800.),(18150.000000000004,9150.,8800.),(17850.,9150.,8800.)));
#1745=IFCINDEXEDPOLYGONALFACE((1,4,3,2));
#1746=IFCINDEXEDPOLYGONALFACE((5,6,7,8));
#1747=IFCINDEXEDPOLYGONALFACE((1,2,6,5));
#1748=IFCINDEXEDPOLYGONALFACE((2,3,7,6));
#1749=IFCINDEXEDPOLYGONALFACE((3,4,8,7));
#1750=IFCINDEXEDPOLYGONALFACE((4,1,5,8));
#1751=IFCPOLYGONALFACESET(#1744,$,(#1745,#1746,#1747,#1748,#1749,#1750),$);
#1752=IFCSHAPEREPRESENTATION(#11,'Body','Tessellation',(#1751));
#1753=IFCPRODUCTDEFINITIONSHAPE($,$,(#1752));
#1754=IFCCOLUMN('2gfFOw1Yf4$BDmOFl3mmea',$,'Poteau P3C R+2',$,$,$,#1764,$,$);
#1755=IFCCARTESIANPOINTLIST3D(((17850.,17850.,6000.),(18150.000000000004,17850.,6000.),(18150.000000000004,18150.000000000004,6000.),(17850.,18150.000000000004,6000.),(17850.,17850.,8800.),(18150.000000000004,17850.,8800.),(18150.000000000004,18150.000000000004,8800.),(17850.,18150.000000000004,8800.)));
#1756=IFCINDEXEDPOLYGONALFACE((1,4,3,2));
#1757=IFCINDEXEDPOLYGONALFACE((5,6,7,8));
#1758=IFCINDEXEDPOLYGONALFACE((1,2,6,5));
#1759=IFCINDEXEDPOLYGONALFACE((2,3,7,6));
#1760=IFCINDEXEDPOLYGONALFACE((3,4,8,7));
#1761=IFCINDEXEDPOLYGONALFACE((4,1,5,8));
#1762=IFCPOLYGONALFACESET(#1755,$,(#1756,#1757,#1758,#1759,#1760,#1761),$);
#1763=IFCSHAPEREPRESENTATION(#11,'Body','Tessellation',(#1762));
#1764=IFCPRODUCTDEFINITIONSHAPE($,$,(#1763));
#1765=IFCCOLUMN('17AmNtESzAShfOj7ZrvH7e',$,'Poteau P4A R+2',$,$,$,#1775,$,$);
#1766=IFCCARTESIANPOINTLIST3D(((26850.,-150.,6000.),(27150.000000000004,-150.,6000.),(27150.000000000004,150.,6000.),(26850.,150.,6000.),(26850.,-150.,8800.),(27150.000000000004,-150.,8800.),(27150.000000000004,150.,8800.),(26850.,150.,8800.)));
#1767=IFCINDEXEDPOLYGONALFACE((1,4,3,2));
#1768=IFCINDEXEDPOLYGONALFACE((5,6,7,8));
#1769=IFCINDEXEDPOLYGONALFACE((1,2,6,5));
#1770=IFCINDEXEDPOLYGONALFACE((2,3,7,6));
#1771=IFCINDEXEDPOLYGONALFACE((3,4,8,7));
#1772=IFCINDEXEDPOLYGONALFACE((4,1,5,8));
#1773=IFCPOLYGONALFACESET(#1766,$,(#1767,#1768,#1769,#1770,#1771,#1772),$);
#1774=IFCSHAPEREPRESENTATION(#11,'Body','Tessellation',(#1773));
#1775=IFCPRODUCTDEFINITIONSHAPE($,$,(#1774));
#1776=IFCCOLUMN('2cZkBVVWbFKOpduB$XaRt7',$,'Poteau P4B R+2',$,$,$,#1786,$,$);
#1777=IFCCARTESIANPOINTLIST3D(((26850.,8850.,6000.),(27150.000000000004,8850.,6000.),(27150.000000000004,9150.,6000.),(26850.,9150.,6000.),(26850.,8850.,8800.),(27150.000000000004,8850.,8800.),(27150.000000000004,9150.,8800.),(26850.,9150.,8800.)));
#1778=IFCINDEXEDPOLYGONALFACE((1,4,3,2));
#1779=IFCINDEXEDPOLYGONALFACE((5,6,7,8));
#1780=IFCINDEXEDPOLYGONALFACE((1,2,6,5));
#1781=IFCINDEXEDPOLYGONALFACE((2,3,7,6));
#1782=IFCINDEXEDPOLYGONALFACE((3,4,8,7));
#1783=IFCINDEXEDPOLYGONALFACE((4,1,5,8));
#1784=IFCPOLYGONALFACESET(#1777,$,(#1778,#1779,#1780,#1781,#1782,#1783),$);
#1785=IFCSHAPEREPRESENTATION(#11,'Body','Tessellation',(#1784));
#1786=IFCPRODUCTDEFINITIONSHAPE($,$,(#1785));
#1787=IFCCOLUMN('3g60tcaGP1pAOWGT2Yjo_s',$,'Poteau P4C R+2',$,$,$,#1797,$,$);
#1788=IFCCARTESIANPOINTLIST3D(((26850.,17850.,6000.),(27150.000000000004,17850.,6000.),(27150.000000000004,18150.000000000004,6000.),(26850.,18150.000000000004,6000.),(26850.,17850.,8800.),(27150.000000000004,17850.,8800.),(27150.000000000004,18150.000000000004,8800.),(26850.,18150.000000000004,8800.)));
#1789=IFCINDEXEDPOLYGONALFACE((1,4,3,2));
#1790=IFCINDEXEDPOLYGONALFACE((5,6,7,8));
#1791=IFCINDEXEDPOLYGONALFACE((1,2,6,5));
#1792=IFCINDEXEDPOLYGONALFACE((2,3,7,6));
#1793=IFCINDEXEDPOLYGONALFACE((3,4,8,7));
#1794=IFCINDEXEDPOLYGONALFACE((4,1,5,8));
#1795=IFCPOLYGONALFACESET(#1788,$,(#1789,#1790,#1791,#1792,#1793,#1794),$);
#1796=IFCSHAPEREPRESENTATION(#11,'Body','Tessellation',(#1795));
#1797=IFCPRODUCTDEFINITIONSHAPE($,$,(#1796));
#1798=IFCCOLUMN('0MpJkFQ411Yh9QqbHIceaW',$,'Poteau P5A R+2',$,$,$,#1808,$,$);
#1799=IFCCARTESIANPOINTLIST3D(((35850.,-150.,6000.),(36150.,-150.,6000.),(36150.,150.,6000.),(35850.,150.,6000.),(35850.,-150.,8800.),(36150.,-150.,8800.),(36150.,150.,8800.),(35850.,150.,8800.)));
#1800=IFCINDEXEDPOLYGONALFACE((1,4,3,2));
#1801=IFCINDEXEDPOLYGONALFACE((5,6,7,8));
#1802=IFCINDEXEDPOLYGONALFACE((1,2,6,5));
#1803=IFCINDEXEDPOLYGONALFACE((2,3,7,6));
#1804=IFCINDEXEDPOLYGONALFACE((3,4,8,7));
#1805=IFCINDEXEDPOLYGONALFACE((4,1,5,8));
#1806=IFCPOLYGONALFACESET(#1799,$,(#1800,#1801,#1802,#1803,#1804,#1805),$);
#1807=IFCSHAPEREPRESENTATION(#11,'Body','Tessellation',(#1806));
#1808=IFCPRODUCTDEFINITIONSHAPE($,$,(#1807));
#1809=IFCCOLUMN('0LxonkcMP4bvB$Tml8NzDM',$,'Poteau P5B R+2',$,$,$,#1819,$,$);
#1810=IFCCARTESIANPOINTLIST3D(((35850.,8850.,6000.),(36150.,8850.,6000.),(36150.,9150.,6000.),(35850.,9150.,6000.),(35850.,8850.,8800.),(36150.,8850.,8800.),(36150.,9150.,8800.),(35850.,9150.,8800.)));
#1811=IFCINDEXEDPOLYGONALFACE((1,4,3,2));
#1812=IFCINDEXEDPOLYGONALFACE((5,6,7,8));
#1813=IFCINDEXEDPOLYGONALFACE((1,2,6,5));
#1814=IFCINDEXEDPOLYGONALFACE((2,3,7,6));
#1815=IFCINDEXEDPOLYGONALFACE((3,4,8,7));
#1816=IFCINDEXEDPOLYGONALFACE((4,1,5,8));
#1817=IFCPOLYGONALFACESET(#1810,$,(#1811,#1812,#1813,#1814,#1815,#1816),$);
#1818=IFCSHAPEREPRESENTATION(#11,'Body','Tessellation',(#1817));
#1819=IFCPRODUCTDEFINITIONSHAPE($,$,(#1818));
#1820=IFCCOLUMN('3sqmEeuFH43OtdIVgIUXIR',$,'Poteau P5C R+2',$,$,$,#1830,$,$);
#1821=IFCCARTESIANPOINTLIST3D(((35850.,17850.,6000.),(36150.,17850.,6000.),(36150.,18150.000000000004,6000.),(35850.,18150.000000000004,6000.),(35850.,17850.,8800.),(36150.,17850.,8800.),(36150.,18150.000000000004,8800.),(35850.,18150.000000000004,8800.)));
#1822=IFCINDEXEDPOLYGONALFACE((1,4,3,2));
#1823=IFCINDEXEDPOLYGONALFACE((5,6,7,8));
#1824=IFCINDEXEDPOLYGONALFACE((1,2,6,5));
#1825=IFCINDEXEDPOLYGONALFACE((2,3,7,6));
#1826=IFCINDEXEDPOLYGONALFACE((3,4,8,7));
#1827=IFCINDEXEDPOLYGONALFACE((4,1,5,8));
#1828=IFCPOLYGONALFACESET(#1821,$,(#1822,#1823,#1824,#1825,#1826,#1827),$);
#1829=IFCSHAPEREPRESENTATION(#11,'Body','Tessellation',(#1828));
#1830=IFCPRODUCTDEFINITIONSHAPE($,$,(#1829));
#1831=IFCWALL('2LKwPOPRP05fa267_KWQVS',$,'Voile de fa\X2\00E7\X0\ade nord R+2',$,$,$,#1841,$,$);
#1832=IFCCARTESIANPOINTLIST3D(((0.,17800.,6000.),(36000.,17800.,6000.),(36000.,18000.,6000.),(0.,18000.,6000.),(0.,17800.,8800.),(36000.,17800.,8800.),(36000.,18000.,8800.),(0.,18000.,8800.)));
#1833=IFCINDEXEDPOLYGONALFACE((1,4,3,2));
#1834=IFCINDEXEDPOLYGONALFACE((5,6,7,8));
#1835=IFCINDEXEDPOLYGONALFACE((1,2,6,5));
#1836=IFCINDEXEDPOLYGONALFACE((2,3,7,6));
#1837=IFCINDEXEDPOLYGONALFACE((3,4,8,7));
#1838=IFCINDEXEDPOLYGONALFACE((4,1,5,8));
#1839=IFCPOLYGONALFACESET(#1832,$,(#1833,#1834,#1835,#1836,#1837,#1838),$);
#1840=IFCSHAPEREPRESENTATION(#11,'Body','Tessellation',(#1839));
#1841=IFCPRODUCTDEFINITIONSHAPE($,$,(#1840));
#1842=IFCWALL('3rdowxuCP0vRQyDjLlBg7D',$,'Voile de fa\X2\00E7\X0\ade sud R+2',$,$,$,#1852,$,$);
#1843=IFCCARTESIANPOINTLIST3D(((0.,0.,6000.),(36000.,0.,6000.),(36000.,200.,6000.),(0.,200.,6000.),(0.,0.,8800.),(36000.,0.,8800.),(36000.,200.,8800.),(0.,200.,8800.)));
#1844=IFCINDEXEDPOLYGONALFACE((1,4,3,2));
#1845=IFCINDEXEDPOLYGONALFACE((5,6,7,8));
#1846=IFCINDEXEDPOLYGONALFACE((1,2,6,5));
#1847=IFCINDEXEDPOLYGONALFACE((2,3,7,6));
#1848=IFCINDEXEDPOLYGONALFACE((3,4,8,7));
#1849=IFCINDEXEDPOLYGONALFACE((4,1,5,8));
#1850=IFCPOLYGONALFACESET(#1843,$,(#1844,#1845,#1846,#1847,#1848,#1849),$);
#1851=IFCSHAPEREPRESENTATION(#11,'Body','Tessellation',(#1850));
#1852=IFCPRODUCTDEFINITIONSHAPE($,$,(#1851));
#1853=IFCWALL('2uiSPrsA1CrwUfmcVfdH6b',$,'Voile pignon est R+2',$,$,$,#1863,$,$);
#1854=IFCCARTESIANPOINTLIST3D(((35800.,0.,6000.),(36000.,0.,6000.),(36000.,18000.,6000.),(35800.,18000.,6000.),(35800.,0.,8800.),(36000.,0.,8800.),(36000.,18000.,8800.),(35800.,18000.,8800.)));
#1855=IFCINDEXEDPOLYGONALFACE((1,4,3,2));
#1856=IFCINDEXEDPOLYGONALFACE((5,6,7,8));
#1857=IFCINDEXEDPOLYGONALFACE((1,2,6,5));
#1858=IFCINDEXEDPOLYGONALFACE((2,3,7,6));
#1859=IFCINDEXEDPOLYGONALFACE((3,4,8,7));
#1860=IFCINDEXEDPOLYGONALFACE((4,1,5,8));
#1861=IFCPOLYGONALFACESET(#1854,$,(#1855,#1856,#1857,#1858,#1859,#1860),$);
#1862=IFCSHAPEREPRESENTATION(#11,'Body','Tessellation',(#1861));
#1863=IFCPRODUCTDEFINITIONSHAPE($,$,(#1862));
#1864=IFCWALL('1QYzybDiX6ResguUv9VF_K',$,'Voile pignon ouest R+2',$,$,$,#1874,$,$);
#1865=IFCCARTESIANPOINTLIST3D(((0.,0.,6000.),(200.,0.,6000.),(200.,18000.,6000.),(0.,18000.,6000.),(0.,0.,8800.),(200.,0.,8800.),(200.,18000.,8800.),(0.,18000.,8800.)));
#1866=IFCINDEXEDPOLYGONALFACE((1,4,3,2));
#1867=IFCINDEXEDPOLYGONALFACE((5,6,7,8));
#1868=IFCINDEXEDPOLYGONALFACE((1,2,6,5));
#1869=IFCINDEXEDPOLYGONALFACE((2,3,7,6));
#1870=IFCINDEXEDPOLYGONALFACE((3,4,8,7));
#1871=IFCINDEXEDPOLYGONALFACE((4,1,5,8));
#1872=IFCPOLYGONALFACESET(#1865,$,(#1866,#1867,#1868,#1869,#1870,#1871),$);
#1873=IFCSHAPEREPRESENTATION(#11,'Body','Tessellation',(#1872));
#1874=IFCPRODUCTDEFINITIONSHAPE($,$,(#1873));
#1875=IFCWALL('1qV$XiTNH3YBhy8fD8QBeA',$,'Voile cage d''escalier nord R+2',$,$,$,#1885,$,$);
#1876=IFCCARTESIANPOINTLIST3D(((16000.,10300.,6000.),(20000.,10300.,6000.),(20000.,10500.,6000.),(16000.,10500.,6000.),(16000.,10300.,8800.),(20000.,10300.,8800.),(20000.,10500.,8800.),(16000.,10500.,8800.)));
#1877=IFCINDEXEDPOLYGONALFACE((1,4,3,2));
#1878=IFCINDEXEDPOLYGONALFACE((5,6,7,8));
#1879=IFCINDEXEDPOLYGONALFACE((1,2,6,5));
#1880=IFCINDEXEDPOLYGONALFACE((2,3,7,6));
#1881=IFCINDEXEDPOLYGONALFACE((3,4,8,7));
#1882=IFCINDEXEDPOLYGONALFACE((4,1,5,8));
#1883=IFCPOLYGONALFACESET(#1876,$,(#1877,#1878,#1879,#1880,#1881,#1882),$);
#1884=IFCSHAPEREPRESENTATION(#11,'Body','Tessellation',(#1883));
#1885=IFCPRODUCTDEFINITIONSHAPE($,$,(#1884));
#1886=IFCWALL('1KlAXyvNz5DucmfLr6MOx0',$,'Voile cage d''escalier sud R+2',$,$,$,#1896,$,$);
#1887=IFCCARTESIANPOINTLIST3D(((16000.,7500.,6000.),(20000.,7500.,6000.),(20000.,7700.,6000.),(16000.,7700.,6000.),(16000.,7500.,8800.),(20000.,7500.,8800.),(20000.,7700.,8800.),(16000.,7700.,8800.)));
#1888=IFCINDEXEDPOLYGONALFACE((1,4,3,2));
#1889=IFCINDEXEDPOLYGONALFACE((5,6,7,8));
#1890=IFCINDEXEDPOLYGONALFACE((1,2,6,5));
#1891=IFCINDEXEDPOLYGONALFACE((2,3,7,6));
#1892=IFCINDEXEDPOLYGONALFACE((3,4,8,7));
#1893=IFCINDEXEDPOLYGONALFACE((4,1,5,8));
#1894=IFCPOLYGONALFACESET(#1887,$,(#1888,#1889,#1890,#1891,#1892,#1893),$);
#1895=IFCSHAPEREPRESENTATION(#11,'Body','Tessellation',(#1894));
#1896=IFCPRODUCTDEFINITIONSHAPE($,$,(#1895));
#1897=IFCWALL('3sAYpxEYrEWP5kQe3NcNRb',$,'Voile cage d''escalier est R+2',$,$,$,#1907,$,$);
#1898=IFCCARTESIANPOINTLIST3D(((19800.,7500.,6000.),(20000.,7500.,6000.),(20000.,10500.,6000.),(19800.,10500.,6000.),(19800.,7500.,8800.),(20000.,7500.,8800.),(20000.,10500.,8800.),(19800.,10500.,8800.)));
#1899=IFCINDEXEDPOLYGONALFACE((1,4,3,2));
#1900=IFCINDEXEDPOLYGONALFACE((5,6,7,8));
#1901=IFCINDEXEDPOLYGONALFACE((1,2,6,5));
#1902=IFCINDEXEDPOLYGONALFACE((2,3,7,6));
#1903=IFCINDEXEDPOLYGONALFACE((3,4,8,7));
#1904=IFCINDEXEDPOLYGONALFACE((4,1,5,8));
#1905=IFCPOLYGONALFACESET(#1898,$,(#1899,#1900,#1901,#1902,#1903,#1904),$);
#1906=IFCSHAPEREPRESENTATION(#11,'Body','Tessellation',(#1905));
#1907=IFCPRODUCTDEFINITIONSHAPE($,$,(#1906));
#1908=IFCWALL('0rmH2Gf1fEaAhYjov3wO9l',$,'Voile cage d''escalier ouest R+2',$,$,$,#1918,$,$);
#1909=IFCCARTESIANPOINTLIST3D(((16000.,7500.,6000.),(16200.,7500.,6000.),(16200.,10500.,6000.),(16000.,10500.,6000.),(16000.,7500.,8800.),(16200.,7500.,8800.),(16200.,10500.,8800.),(16000.,10500.,8800.)));
#1910=IFCINDEXEDPOLYGONALFACE((1,4,3,2));
#1911=IFCINDEXEDPOLYGONALFACE((5,6,7,8));
#1912=IFCINDEXEDPOLYGONALFACE((1,2,6,5));
#1913=IFCINDEXEDPOLYGONALFACE((2,3,7,6));
#1914=IFCINDEXEDPOLYGONALFACE((3,4,8,7));
#1915=IFCINDEXEDPOLYGONALFACE((4,1,5,8));
#1916=IFCPOLYGONALFACESET(#1909,$,(#1910,#1911,#1912,#1913,#1914,#1915),$);
#1917=IFCSHAPEREPRESENTATION(#11,'Body','Tessellation',(#1916));
#1918=IFCPRODUCTDEFINITIONSHAPE($,$,(#1917));
#1919=IFCWALL('1ckPebR3rEaBsitM$hzYav',$,'Mur en agglom\X2\00E9\X0\r\X2\00E9\X0\s x9 R+2',$,$,$,#1929,$,$);
#1920=IFCCARTESIANPOINTLIST3D(((8900.,200.,6000.),(9100.,200.,6000.),(9100.,7500.,6000.),(8900.,7500.,6000.),(8900.,200.,8800.),(9100.,200.,8800.),(9100.,7500.,8800.),(8900.,7500.,8800.)));
#1921=IFCINDEXEDPOLYGONALFACE((1,4,3,2));
#1922=IFCINDEXEDPOLYGONALFACE((5,6,7,8));
#1923=IFCINDEXEDPOLYGONALFACE((1,2,6,5));
#1924=IFCINDEXEDPOLYGONALFACE((2,3,7,6));
#1925=IFCINDEXEDPOLYGONALFACE((3,4,8,7));
#1926=IFCINDEXEDPOLYGONALFACE((4,1,5,8));
#1927=IFCPOLYGONALFACESET(#1920,$,(#1921,#1922,#1923,#1924,#1925,#1926),$);
#1928=IFCSHAPEREPRESENTATION(#11,'Body','Tessellation',(#1927));
#1929=IFCPRODUCTDEFINITIONSHAPE($,$,(#1928));
#1930=IFCWALL('29yXRJXlvAsuPWbZXooO3Z',$,'Mur en agglom\X2\00E9\X0\r\X2\00E9\X0\s x9 R+2',$,$,$,#1940,$,$);
#1931=IFCCARTESIANPOINTLIST3D(((8900.,10500.,6000.),(9100.,10500.,6000.),(9100.,17800.,6000.),(8900.,17800.,6000.),(8900.,10500.,8800.),(9100.,10500.,8800.),(9100.,17800.,8800.),(8900.,17800.,8800.)));
#1932=IFCINDEXEDPOLYGONALFACE((1,4,3,2));
#1933=IFCINDEXEDPOLYGONALFACE((5,6,7,8));
#1934=IFCINDEXEDPOLYGONALFACE((1,2,6,5));
#1935=IFCINDEXEDPOLYGONALFACE((2,3,7,6));
#1936=IFCINDEXEDPOLYGONALFACE((3,4,8,7));
#1937=IFCINDEXEDPOLYGONALFACE((4,1,5,8));
#1938=IFCPOLYGONALFACESET(#1931,$,(#1932,#1933,#1934,#1935,#1936,#1937),$);
#1939=IFCSHAPEREPRESENTATION(#11,'Body','Tessellation',(#1938));
#1940=IFCPRODUCTDEFINITIONSHAPE($,$,(#1939));
#1941=IFCWALL('3FnRvrCHj7seUjuI5cTkrb',$,'Mur en agglom\X2\00E9\X0\r\X2\00E9\X0\s x27 R+2',$,$,$,#1951,$,$);
#1942=IFCCARTESIANPOINTLIST3D(((26900.,200.,6000.),(27099.999999999996,200.,6000.),(27099.999999999996,7500.,6000.),(26900.,7500.,6000.),(26900.,200.,8800.),(27099.999999999996,200.,8800.),(27099.999999999996,7500.,8800.),(26900.,7500.,8800.)));
#1943=IFCINDEXEDPOLYGONALFACE((1,4,3,2));
#1944=IFCINDEXEDPOLYGONALFACE((5,6,7,8));
#1945=IFCINDEXEDPOLYGONALFACE((1,2,6,5));
#1946=IFCINDEXEDPOLYGONALFACE((2,3,7,6));
#1947=IFCINDEXEDPOLYGONALFACE((3,4,8,7));
#1948=IFCINDEXEDPOLYGONALFACE((4,1,5,8));
#1949=IFCPOLYGONALFACESET(#1942,$,(#1943,#1944,#1945,#1946,#1947,#1948),$);
#1950=IFCSHAPEREPRESENTATION(#11,'Body','Tessellation',(#1949));
#1951=IFCPRODUCTDEFINITIONSHAPE($,$,(#1950));
#1952=IFCWALL('1QrkjYtWr5Yu3qdwdUO3w3',$,'Mur en agglom\X2\00E9\X0\r\X2\00E9\X0\s x27 R+2',$,$,$,#1962,$,$);
#1953=IFCCARTESIANPOINTLIST3D(((26900.,10500.,6000.),(27099.999999999996,10500.,6000.),(27099.999999999996,17800.,6000.),(26900.,17800.,6000.),(26900.,10500.,8800.),(27099.999999999996,10500.,8800.),(27099.999999999996,17800.,8800.),(26900.,17800.,8800.)));
#1954=IFCINDEXEDPOLYGONALFACE((1,4,3,2));
#1955=IFCINDEXEDPOLYGONALFACE((5,6,7,8));
#1956=IFCINDEXEDPOLYGONALFACE((1,2,6,5));
#1957=IFCINDEXEDPOLYGONALFACE((2,3,7,6));
#1958=IFCINDEXEDPOLYGONALFACE((3,4,8,7));
#1959=IFCINDEXEDPOLYGONALFACE((4,1,5,8));
#1960=IFCPOLYGONALFACESET(#1953,$,(#1954,#1955,#1956,#1957,#1958,#1959),$);
#1961=IFCSHAPEREPRESENTATION(#11,'Body','Tessellation',(#1960));
#1962=IFCPRODUCTDEFINITIONSHAPE($,$,(#1961));
#1963=IFCWALL('0G7ksmFanEjQ5gxPVimECP',$,'Cloison de distribution x4.5 R+2',$,$,$,#1973,$,$);
#1964=IFCCARTESIANPOINTLIST3D(((4460.,200.,6000.),(4540.,200.,6000.),(4540.,4200.,6000.),(4460.,4200.,6000.),(4460.,200.,8800.),(4540.,200.,8800.),(4540.,4200.,8800.),(4460.,4200.,8800.)));
#1965=IFCINDEXEDPOLYGONALFACE((1,4,3,2));
#1966=IFCINDEXEDPOLYGONALFACE((5,6,7,8));
#1967=IFCINDEXEDPOLYGONALFACE((1,2,6,5));
#1968=IFCINDEXEDPOLYGONALFACE((2,3,7,6));
#1969=IFCINDEXEDPOLYGONALFACE((3,4,8,7));
#1970=IFCINDEXEDPOLYGONALFACE((4,1,5,8));
#1971=IFCPOLYGONALFACESET(#1964,$,(#1965,#1966,#1967,#1968,#1969,#1970),$);
#1972=IFCSHAPEREPRESENTATION(#11,'Body','Tessellation',(#1971));
#1973=IFCPRODUCTDEFINITIONSHAPE($,$,(#1972));
#1974=IFCWALL('0_xWDIDo54VeWGP9E0Okk9',$,'Cloison de distribution x4.5 R+2',$,$,$,#1984,$,$);
#1975=IFCCARTESIANPOINTLIST3D(((4460.,10500.,6000.),(4540.,10500.,6000.),(4540.,14500.,6000.),(4460.,14500.,6000.),(4460.,10500.,8800.),(4540.,10500.,8800.),(4540.,14500.,8800.),(4460.,14500.,8800.)));
#1976=IFCINDEXEDPOLYGONALFACE((1,4,3,2));
#1977=IFCINDEXEDPOLYGONALFACE((5,6,7,8));
#1978=IFCINDEXEDPOLYGONALFACE((1,2,6,5));
#1979=IFCINDEXEDPOLYGONALFACE((2,3,7,6));
#1980=IFCINDEXEDPOLYGONALFACE((3,4,8,7));
#1981=IFCINDEXEDPOLYGONALFACE((4,1,5,8));
#1982=IFCPOLYGONALFACESET(#1975,$,(#1976,#1977,#1978,#1979,#1980,#1981),$);
#1983=IFCSHAPEREPRESENTATION(#11,'Body','Tessellation',(#1982));
#1984=IFCPRODUCTDEFINITIONSHAPE($,$,(#1983));
#1985=IFCWALL('35cQ$hlvnD3vRA2ZHolNEN',$,'Cloison de distribution x13.5 R+2',$,$,$,#1995,$,$);
#1986=IFCCARTESIANPOINTLIST3D(((13460.,200.,6000.),(13540.000000000002,200.,6000.),(13540.000000000002,4200.,6000.),(13460.,4200.,6000.),(13460.,200.,8800.),(13540.000000000002,200.,8800.),(13540.000000000002,4200.,8800.),(13460.,4200.,8800.)));
#1987=IFCINDEXEDPOLYGONALFACE((1,4,3,2));
#1988=IFCINDEXEDPOLYGONALFACE((5,6,7,8));
#1989=IFCINDEXEDPOLYGONALFACE((1,2,6,5));
#1990=IFCINDEXEDPOLYGONALFACE((2,3,7,6));
#1991=IFCINDEXEDPOLYGONALFACE((3,4,8,7));
#1992=IFCINDEXEDPOLYGONALFACE((4,1,5,8));
#1993=IFCPOLYGONALFACESET(#1986,$,(#1987,#1988,#1989,#1990,#1991,#1992),$);
#1994=IFCSHAPEREPRESENTATION(#11,'Body','Tessellation',(#1993));
#1995=IFCPRODUCTDEFINITIONSHAPE($,$,(#1994));
#1996=IFCWALL('3wSulNc$HBhBdWLvOKi_Bq',$,'Cloison de distribution x13.5 R+2',$,$,$,#2006,$,$);
#1997=IFCCARTESIANPOINTLIST3D(((13460.,10500.,6000.),(13540.000000000002,10500.,6000.),(13540.000000000002,14500.,6000.),(13460.,14500.,6000.),(13460.,10500.,8800.),(13540.000000000002,10500.,8800.),(13540.000000000002,14500.,8800.),(13460.,14500.,8800.)));
#1998=IFCINDEXEDPOLYGONALFACE((1,4,3,2));
#1999=IFCINDEXEDPOLYGONALFACE((5,6,7,8));
#2000=IFCINDEXEDPOLYGONALFACE((1,2,6,5));
#2001=IFCINDEXEDPOLYGONALFACE((2,3,7,6));
#2002=IFCINDEXEDPOLYGONALFACE((3,4,8,7));
#2003=IFCINDEXEDPOLYGONALFACE((4,1,5,8));
#2004=IFCPOLYGONALFACESET(#1997,$,(#1998,#1999,#2000,#2001,#2002,#2003),$);
#2005=IFCSHAPEREPRESENTATION(#11,'Body','Tessellation',(#2004));
#2006=IFCPRODUCTDEFINITIONSHAPE($,$,(#2005));
#2007=IFCWALL('2ipdhGnPXDvv7ENHv$KkF1',$,'Cloison de distribution x22.5 R+2',$,$,$,#2017,$,$);
#2008=IFCCARTESIANPOINTLIST3D(((22460.,200.,6000.),(22540.,200.,6000.),(22540.,4200.,6000.),(22460.,4200.,6000.),(22460.,200.,8800.),(22540.,200.,8800.),(22540.,4200.,8800.),(22460.,4200.,8800.)));
#2009=IFCINDEXEDPOLYGONALFACE((1,4,3,2));
#2010=IFCINDEXEDPOLYGONALFACE((5,6,7,8));
#2011=IFCINDEXEDPOLYGONALFACE((1,2,6,5));
#2012=IFCINDEXEDPOLYGONALFACE((2,3,7,6));
#2013=IFCINDEXEDPOLYGONALFACE((3,4,8,7));
#2014=IFCINDEXEDPOLYGONALFACE((4,1,5,8));
#2015=IFCPOLYGONALFACESET(#2008,$,(#2009,#2010,#2011,#2012,#2013,#2014),$);
#2016=IFCSHAPEREPRESENTATION(#11,'Body','Tessellation',(#2015));
#2017=IFCPRODUCTDEFINITIONSHAPE($,$,(#2016));
#2018=IFCWALL('32LIs8lpTFP83qVU1$$NYV',$,'Cloison de distribution x22.5 R+2',$,$,$,#2028,$,$);
#2019=IFCCARTESIANPOINTLIST3D(((22460.,10500.,6000.),(22540.,10500.,6000.),(22540.,14500.,6000.),(22460.,14500.,6000.),(22460.,10500.,8800.),(22540.,10500.,8800.),(22540.,14500.,8800.),(22460.,14500.,8800.)));
#2020=IFCINDEXEDPOLYGONALFACE((1,4,3,2));
#2021=IFCINDEXEDPOLYGONALFACE((5,6,7,8));
#2022=IFCINDEXEDPOLYGONALFACE((1,2,6,5));
#2023=IFCINDEXEDPOLYGONALFACE((2,3,7,6));
#2024=IFCINDEXEDPOLYGONALFACE((3,4,8,7));
#2025=IFCINDEXEDPOLYGONALFACE((4,1,5,8));
#2026=IFCPOLYGONALFACESET(#2019,$,(#2020,#2021,#2022,#2023,#2024,#2025),$);
#2027=IFCSHAPEREPRESENTATION(#11,'Body','Tessellation',(#2026));
#2028=IFCPRODUCTDEFINITIONSHAPE($,$,(#2027));
#2029=IFCWALL('0eRp_x1af86xDfheZnNFWR',$,'Cloison de distribution x31.5 R+2',$,$,$,#2039,$,$);
#2030=IFCCARTESIANPOINTLIST3D(((31460.,200.,6000.),(31540.,200.,6000.),(31540.,4200.,6000.),(31460.,4200.,6000.),(31460.,200.,8800.),(31540.,200.,8800.),(31540.,4200.,8800.),(31460.,4200.,8800.)));
#2031=IFCINDEXEDPOLYGONALFACE((1,4,3,2));
#2032=IFCINDEXEDPOLYGONALFACE((5,6,7,8));
#2033=IFCINDEXEDPOLYGONALFACE((1,2,6,5));
#2034=IFCINDEXEDPOLYGONALFACE((2,3,7,6));
#2035=IFCINDEXEDPOLYGONALFACE((3,4,8,7));
#2036=IFCINDEXEDPOLYGONALFACE((4,1,5,8));
#2037=IFCPOLYGONALFACESET(#2030,$,(#2031,#2032,#2033,#2034,#2035,#2036),$);
#2038=IFCSHAPEREPRESENTATION(#11,'Body','Tessellation',(#2037));
#2039=IFCPRODUCTDEFINITIONSHAPE($,$,(#2038));
#2040=IFCWALL('2zkTu$$hbBbf$MADmg_keB',$,'Cloison de distribution x31.5 R+2',$,$,$,#2050,$,$);
#2041=IFCCARTESIANPOINTLIST3D(((31460.,10500.,6000.),(31540.,10500.,6000.),(31540.,14500.,6000.),(31460.,14500.,6000.),(31460.,10500.,8800.),(31540.,10500.,8800.),(31540.,14500.,8800.),(31460.,14500.,8800.)));
#2042=IFCINDEXEDPOLYGONALFACE((1,4,3,2));
#2043=IFCINDEXEDPOLYGONALFACE((5,6,7,8));
#2044=IFCINDEXEDPOLYGONALFACE((1,2,6,5));
#2045=IFCINDEXEDPOLYGONALFACE((2,3,7,6));
#2046=IFCINDEXEDPOLYGONALFACE((3,4,8,7));
#2047=IFCINDEXEDPOLYGONALFACE((4,1,5,8));
#2048=IFCPOLYGONALFACESET(#2041,$,(#2042,#2043,#2044,#2045,#2046,#2047),$);
#2049=IFCSHAPEREPRESENTATION(#11,'Body','Tessellation',(#2048));
#2050=IFCPRODUCTDEFINITIONSHAPE($,$,(#2049));
#2051=IFCSTAIR('2GLzGi0D93kvFzlP6apYd1',$,'Escalier R+2',$,$,$,#2061,$,$);
#2052=IFCCARTESIANPOINTLIST3D(((16200.,7700.,6000.),(19800.,7700.,6000.),(19800.,10300.,6000.),(16200.,10300.,6000.),(16200.,7700.,9000.),(19800.,7700.,9000.),(19800.,10300.,9000.),(16200.,10300.,9000.)));
#2053=IFCINDEXEDPOLYGONALFACE((1,4,3,2));
#2054=IFCINDEXEDPOLYGONALFACE((5,6,7,8));
#2055=IFCINDEXEDPOLYGONALFACE((1,2,6,5));
#2056=IFCINDEXEDPOLYGONALFACE((2,3,7,6));
#2057=IFCINDEXEDPOLYGONALFACE((3,4,8,7));
#2058=IFCINDEXEDPOLYGONALFACE((4,1,5,8));
#2059=IFCPOLYGONALFACESET(#2052,$,(#2053,#2054,#2055,#2056,#2057,#2058),$);
#2060=IFCSHAPEREPRESENTATION(#11,'Body','Tessellation',(#2059));
#2061=IFCPRODUCTDEFINITIONSHAPE($,$,(#2060));
#2062=IFCSLAB('1iCubnbdL6ahOIGsHEA2wY',$,'Plancher haut du R+2',$,$,$,#2072,$,$);
#2063=IFCCARTESIANPOINTLIST3D(((0.,0.,8800.),(36000.,0.,8800.),(36000.,18000.,8800.),(0.,18000.,8800.),(0.,0.,9000.),(36000.,0.,9000.),(36000.,18000.,9000.),(0.,18000.,9000.)));
#2064=IFCINDEXEDPOLYGONALFACE((1,4,3,2));
#2065=IFCINDEXEDPOLYGONALFACE((5,6,7,8));
#2066=IFCINDEXEDPOLYGONALFACE((1,2,6,5));
#2067=IFCINDEXEDPOLYGONALFACE((2,3,7,6));
#2068=IFCINDEXEDPOLYGONALFACE((3,4,8,7));
#2069=IFCINDEXEDPOLYGONALFACE((4,1,5,8));
#2070=IFCPOLYGONALFACESET(#2063,$,(#2064,#2065,#2066,#2067,#2068,#2069),$);
#2071=IFCSHAPEREPRESENTATION(#11,'Body','Tessellation',(#2070));
#2072=IFCPRODUCTDEFINITIONSHAPE($,$,(#2071));
#2073=IFCRELCONTAINEDINSPATIALSTRUCTURE('2rd63s7kDBgvj5VOCIJ2FK',$,$,$,(#2558,#3076,#2823,#2569,#2062,#3087,#2834,#2580,#2845,#2591,#2856,#2602,#2867,#2613,#2878,#2624,#2889,#2635,#2382,#2900,#2646,#2393,#2911,#2657,#2404,#2922,#2668,#2415,#2933,#2679,#2426,#2944,#2690,#2437,#2955,#2701,#2448,#2966,#2712,#2459,#2977,#2723,#2470,#2988,#2734,#2481,#2999,#2745,#2492,#3010,#2756,#2503,#3021,#2767,#2514,#3032,#2525,#3043,#2790,#2536,#3054,#2801,#2547,#3065,#2812),#21);
#2074=IFCWINDOW('1unkAqO716MhLyGBHkWQlg',$,'Fen\X2\00EA\X0\tre aluminium sud 1 R+2',$,$,$,#2084,$,$,$,$,$,$);
#2075=IFCCARTESIANPOINTLIST3D(((1500.,-20.,6900.),(2900.,-20.,6900.),(2900.,220.,6900.),(1500.,220.,6900.),(1500.,-20.,8200.000000000002),(2900.,-20.,8200.000000000002),(2900.,220.,8200.000000000002),(1500.,220.,8200.000000000002)));
#2076=IFCINDEXEDPOLYGONALFACE((1,4,3,2));
#2077=IFCINDEXEDPOLYGONALFACE((5,6,7,8));
#2078=IFCINDEXEDPOLYGONALFACE((1,2,6,5));
#2079=IFCINDEXEDPOLYGONALFACE((2,3,7,6));
#2080=IFCINDEXEDPOLYGONALFACE((3,4,8,7));
#2081=IFCINDEXEDPOLYGONALFACE((4,1,5,8));
#2082=IFCPOLYGONALFACESET(#2075,$,(#2076,#2077,#2078,#2079,#2080,#2081),$);
#2083=IFCSHAPEREPRESENTATION(#11,'Body','Tessellation',(#2082));
#2084=IFCPRODUCTDEFINITIONSHAPE($,$,(#2083));
#2085=IFCWINDOW('11k9atCHT5AvnkdJnf0CYx',$,'Fen\X2\00EA\X0\tre aluminium nord 1 R+2',$,$,$,#2095,$,$,$,$,$,$);
#2086=IFCCARTESIANPOINTLIST3D(((1500.,17780.,6900.),(2900.,17780.,6900.),(2900.,18020.,6900.),(1500.,18020.,6900.),(1500.,17780.,8200.000000000002),(2900.,17780.,8200.000000000002),(2900.,18020.,8200.000000000002),(1500.,18020.,8200.000000000002)));
#2087=IFCINDEXEDPOLYGONALFACE((1,4,3,2));
#2088=IFCINDEXEDPOLYGONALFACE((5,6,7,8));
#2089=IFCINDEXEDPOLYGONALFACE((1,2,6,5));
#2090=IFCINDEXEDPOLYGONALFACE((2,3,7,6));
#2091=IFCINDEXEDPOLYGONALFACE((3,4,8,7));
#2092=IFCINDEXEDPOLYGONALFACE((4,1,5,8));
#2093=IFCPOLYGONALFACESET(#2086,$,(#2087,#2088,#2089,#2090,#2091,#2092),$);
#2094=IFCSHAPEREPRESENTATION(#11,'Body','Tessellation',(#2093));
#2095=IFCPRODUCTDEFINITIONSHAPE($,$,(#2094));
#2096=IFCWINDOW('28sGwbOzrAywS_bf5ouCW6',$,'Fen\X2\00EA\X0\tre aluminium sud 2 R+2',$,$,$,#2106,$,$,$,$,$,$);
#2097=IFCCARTESIANPOINTLIST3D(((6000.,-20.,6900.),(7400.,-20.,6900.),(7400.,220.,6900.),(6000.,220.,6900.),(6000.,-20.,8200.000000000002),(7400.,-20.,8200.000000000002),(7400.,220.,8200.000000000002),(6000.,220.,8200.000000000002)));
#2098=IFCINDEXEDPOLYGONALFACE((1,4,3,2));
#2099=IFCINDEXEDPOLYGONALFACE((5,6,7,8));
#2100=IFCINDEXEDPOLYGONALFACE((1,2,6,5));
#2101=IFCINDEXEDPOLYGONALFACE((2,3,7,6));
#2102=IFCINDEXEDPOLYGONALFACE((3,4,8,7));
#2103=IFCINDEXEDPOLYGONALFACE((4,1,5,8));
#2104=IFCPOLYGONALFACESET(#2097,$,(#2098,#2099,#2100,#2101,#2102,#2103),$);
#2105=IFCSHAPEREPRESENTATION(#11,'Body','Tessellation',(#2104));
#2106=IFCPRODUCTDEFINITIONSHAPE($,$,(#2105));
#2107=IFCWINDOW('1P3J7Oi0D9$whIKvIALi17',$,'Fen\X2\00EA\X0\tre aluminium nord 2 R+2',$,$,$,#2117,$,$,$,$,$,$);
#2108=IFCCARTESIANPOINTLIST3D(((6000.,17780.,6900.),(7400.,17780.,6900.),(7400.,18020.,6900.),(6000.,18020.,6900.),(6000.,17780.,8200.000000000002),(7400.,17780.,8200.000000000002),(7400.,18020.,8200.000000000002),(6000.,18020.,8200.000000000002)));
#2109=IFCINDEXEDPOLYGONALFACE((1,4,3,2));
#2110=IFCINDEXEDPOLYGONALFACE((5,6,7,8));
#2111=IFCINDEXEDPOLYGONALFACE((1,2,6,5));
#2112=IFCINDEXEDPOLYGONALFACE((2,3,7,6));
#2113=IFCINDEXEDPOLYGONALFACE((3,4,8,7));
#2114=IFCINDEXEDPOLYGONALFACE((4,1,5,8));
#2115=IFCPOLYGONALFACESET(#2108,$,(#2109,#2110,#2111,#2112,#2113,#2114),$);
#2116=IFCSHAPEREPRESENTATION(#11,'Body','Tessellation',(#2115));
#2117=IFCPRODUCTDEFINITIONSHAPE($,$,(#2116));
#2118=IFCWINDOW('22xGLlv9j8bPHoJVLCdDr8',$,'Fen\X2\00EA\X0\tre aluminium sud 3 R+2',$,$,$,#2128,$,$,$,$,$,$);
#2119=IFCCARTESIANPOINTLIST3D(((10500.,-20.,6900.),(11900.,-20.,6900.),(11900.,220.,6900.),(10500.,220.,6900.),(10500.,-20.,8200.000000000002),(11900.,-20.,8200.000000000002),(11900.,220.,8200.000000000002),(10500.,220.,8200.000000000002)));
#2120=IFCINDEXEDPOLYGONALFACE((1,4,3,2));
#2121=IFCINDEXEDPOLYGONALFACE((5,6,7,8));
#2122=IFCINDEXEDPOLYGONALFACE((1,2,6,5));
#2123=IFCINDEXEDPOLYGONALFACE((2,3,7,6));
#2124=IFCINDEXEDPOLYGONALFACE((3,4,8,7));
#2125=IFCINDEXEDPOLYGONALFACE((4,1,5,8));
#2126=IFCPOLYGONALFACESET(#2119,$,(#2120,#2121,#2122,#2123,#2124,#2125),$);
#2127=IFCSHAPEREPRESENTATION(#11,'Body','Tessellation',(#2126));
#2128=IFCPRODUCTDEFINITIONSHAPE($,$,(#2127));
#2129=IFCWINDOW('17YzWpcaP69wuFCRiE$uT4',$,'Fen\X2\00EA\X0\tre aluminium nord 3 R+2',$,$,$,#2139,$,$,$,$,$,$);
#2130=IFCCARTESIANPOINTLIST3D(((10500.,17780.,6900.),(11900.,17780.,6900.),(11900.,18020.,6900.),(10500.,18020.,6900.),(10500.,17780.,8200.000000000002),(11900.,17780.,8200.000000000002),(11900.,18020.,8200.000000000002),(10500.,18020.,8200.000000000002)));
#2131=IFCINDEXEDPOLYGONALFACE((1,4,3,2));
#2132=IFCINDEXEDPOLYGONALFACE((5,6,7,8));
#2133=IFCINDEXEDPOLYGONALFACE((1,2,6,5));
#2134=IFCINDEXEDPOLYGONALFACE((2,3,7,6));
#2135=IFCINDEXEDPOLYGONALFACE((3,4,8,7));
#2136=IFCINDEXEDPOLYGONALFACE((4,1,5,8));
#2137=IFCPOLYGONALFACESET(#2130,$,(#2131,#2132,#2133,#2134,#2135,#2136),$);
#2138=IFCSHAPEREPRESENTATION(#11,'Body','Tessellation',(#2137));
#2139=IFCPRODUCTDEFINITIONSHAPE($,$,(#2138));
#2140=IFCWINDOW('07Wq9TI6X1fBhYiwQTOFSa',$,'Fen\X2\00EA\X0\tre aluminium sud 4 R+2',$,$,$,#2150,$,$,$,$,$,$);
#2141=IFCCARTESIANPOINTLIST3D(((15000.,-20.,6900.),(16400.,-20.,6900.),(16400.,220.,6900.),(15000.,220.,6900.),(15000.,-20.,8200.000000000002),(16400.,-20.,8200.000000000002),(16400.,220.,8200.000000000002),(15000.,220.,8200.000000000002)));
#2142=IFCINDEXEDPOLYGONALFACE((1,4,3,2));
#2143=IFCINDEXEDPOLYGONALFACE((5,6,7,8));
#2144=IFCINDEXEDPOLYGONALFACE((1,2,6,5));
#2145=IFCINDEXEDPOLYGONALFACE((2,3,7,6));
#2146=IFCINDEXEDPOLYGONALFACE((3,4,8,7));
#2147=IFCINDEXEDPOLYGONALFACE((4,1,5,8));
#2148=IFCPOLYGONALFACESET(#2141,$,(#2142,#2143,#2144,#2145,#2146,#2147),$);
#2149=IFCSHAPEREPRESENTATION(#11,'Body','Tessellation',(#2148));
#2150=IFCPRODUCTDEFINITIONSHAPE($,$,(#2149));
#2151=IFCWINDOW('13$H6WOsv1yuiXqOPId4eh',$,'Fen\X2\00EA\X0\tre aluminium nord 4 R+2',$,$,$,#2161,$,$,$,$,$,$);
#2152=IFCCARTESIANPOINTLIST3D(((15000.,17780.,6900.),(16400.,17780.,6900.),(16400.,18020.,6900.),(15000.,18020.,6900.),(15000.,17780.,8200.000000000002),(16400.,17780.,8200.000000000002),(16400.,18020.,8200.000000000002),(15000.,18020.,8200.000000000002)));
#2153=IFCINDEXEDPOLYGONALFACE((1,4,3,2));
#2154=IFCINDEXEDPOLYGONALFACE((5,6,7,8));
#2155=IFCINDEXEDPOLYGONALFACE((1,2,6,5));
#2156=IFCINDEXEDPOLYGONALFACE((2,3,7,6));
#2157=IFCINDEXEDPOLYGONALFACE((3,4,8,7));
#2158=IFCINDEXEDPOLYGONALFACE((4,1,5,8));
#2159=IFCPOLYGONALFACESET(#2152,$,(#2153,#2154,#2155,#2156,#2157,#2158),$);
#2160=IFCSHAPEREPRESENTATION(#11,'Body','Tessellation',(#2159));
#2161=IFCPRODUCTDEFINITIONSHAPE($,$,(#2160));
#2162=IFCWINDOW('2UmDzbMCT4xfJmJHizi6Mu',$,'Fen\X2\00EA\X0\tre aluminium sud 5 R+2',$,$,$,#2172,$,$,$,$,$,$);
#2163=IFCCARTESIANPOINTLIST3D(((19500.,-20.,6900.),(20900.,-20.,6900.),(20900.,220.,6900.),(19500.,220.,6900.),(19500.,-20.,8200.000000000002),(20900.,-20.,8200.000000000002),(20900.,220.,8200.000000000002),(19500.,220.,8200.000000000002)));
#2164=IFCINDEXEDPOLYGONALFACE((1,4,3,2));
#2165=IFCINDEXEDPOLYGONALFACE((5,6,7,8));
#2166=IFCINDEXEDPOLYGONALFACE((1,2,6,5));
#2167=IFCINDEXEDPOLYGONALFACE((2,3,7,6));
#2168=IFCINDEXEDPOLYGONALFACE((3,4,8,7));
#2169=IFCINDEXEDPOLYGONALFACE((4,1,5,8));
#2170=IFCPOLYGONALFACESET(#2163,$,(#2164,#2165,#2166,#2167,#2168,#2169),$);
#2171=IFCSHAPEREPRESENTATION(#11,'Body','Tessellation',(#2170));
#2172=IFCPRODUCTDEFINITIONSHAPE($,$,(#2171));
#2173=IFCWINDOW('1qoCqQdHb0mPb2IbI0nb0x',$,'Fen\X2\00EA\X0\tre aluminium nord 5 R+2',$,$,$,#2183,$,$,$,$,$,$);
#2174=IFCCARTESIANPOINTLIST3D(((19500.,17780.,6900.),(20900.,17780.,6900.),(20900.,18020.,6900.),(19500.,18020.,6900.),(19500.,17780.,8200.000000000002),(20900.,17780.,8200.000000000002),(20900.,18020.,8200.000000000002),(19500.,18020.,8200.000000000002)));
#2175=IFCINDEXEDPOLYGONALFACE((1,4,3,2));
#2176=IFCINDEXEDPOLYGONALFACE((5,6,7,8));
#2177=IFCINDEXEDPOLYGONALFACE((1,2,6,5));
#2178=IFCINDEXEDPOLYGONALFACE((2,3,7,6));
#2179=IFCINDEXEDPOLYGONALFACE((3,4,8,7));
#2180=IFCINDEXEDPOLYGONALFACE((4,1,5,8));
#2181=IFCPOLYGONALFACESET(#2174,$,(#2175,#2176,#2177,#2178,#2179,#2180),$);
#2182=IFCSHAPEREPRESENTATION(#11,'Body','Tessellation',(#2181));
#2183=IFCPRODUCTDEFINITIONSHAPE($,$,(#2182));
#2184=IFCWINDOW('0cai25JLnFdP6w7D9zmJ$F',$,'Fen\X2\00EA\X0\tre aluminium sud 6 R+2',$,$,$,#2194,$,$,$,$,$,$);
#2185=IFCCARTESIANPOINTLIST3D(((24000.,-20.,6900.),(25400.,-20.,6900.),(25400.,220.,6900.),(24000.,220.,6900.),(24000.,-20.,8200.000000000002),(25400.,-20.,8200.000000000002),(25400.,220.,8200.000000000002),(24000.,220.,8200.000000000002)));
#2186=IFCINDEXEDPOLYGONALFACE((1,4,3,2));
#2187=IFCINDEXEDPOLYGONALFACE((5,6,7,8));
#2188=IFCINDEXEDPOLYGONALFACE((1,2,6,5));
#2189=IFCINDEXEDPOLYGONALFACE((2,3,7,6));
#2190=IFCINDEXEDPOLYGONALFACE((3,4,8,7));
#2191=IFCINDEXEDPOLYGONALFACE((4,1,5,8));
#2192=IFCPOLYGONALFACESET(#2185,$,(#2186,#2187,#2188,#2189,#2190,#2191),$);
#2193=IFCSHAPEREPRESENTATION(#11,'Body','Tessellation',(#2192));
#2194=IFCPRODUCTDEFINITIONSHAPE($,$,(#2193));
#2195=IFCWINDOW('0yxKqlMGH6ewO4VuSIkQth',$,'Fen\X2\00EA\X0\tre aluminium nord 6 R+2',$,$,$,#2205,$,$,$,$,$,$);
#2196=IFCCARTESIANPOINTLIST3D(((24000.,17780.,6900.),(25400.,17780.,6900.),(25400.,18020.,6900.),(24000.,18020.,6900.),(24000.,17780.,8200.000000000002),(25400.,17780.,8200.000000000002),(25400.,18020.,8200.000000000002),(24000.,18020.,8200.000000000002)));
#2197=IFCINDEXEDPOLYGONALFACE((1,4,3,2));
#2198=IFCINDEXEDPOLYGONALFACE((5,6,7,8));
#2199=IFCINDEXEDPOLYGONALFACE((1,2,6,5));
#2200=IFCINDEXEDPOLYGONALFACE((2,3,7,6));
#2201=IFCINDEXEDPOLYGONALFACE((3,4,8,7));
#2202=IFCINDEXEDPOLYGONALFACE((4,1,5,8));
#2203=IFCPOLYGONALFACESET(#2196,$,(#2197,#2198,#2199,#2200,#2201,#2202),$);
#2204=IFCSHAPEREPRESENTATION(#11,'Body','Tessellation',(#2203));
#2205=IFCPRODUCTDEFINITIONSHAPE($,$,(#2204));
#2206=IFCWINDOW('10fBw1$NPAAAQMlQfntIUi',$,'Fen\X2\00EA\X0\tre aluminium sud 7 R+2',$,$,$,#2216,$,$,$,$,$,$);
#2207=IFCCARTESIANPOINTLIST3D(((28500.,-20.,6900.),(29900.,-20.,6900.),(29900.,220.,6900.),(28500.,220.,6900.),(28500.,-20.,8200.000000000002),(29900.,-20.,8200.000000000002),(29900.,220.,8200.000000000002),(28500.,220.,8200.000000000002)));
#2208=IFCINDEXEDPOLYGONALFACE((1,4,3,2));
#2209=IFCINDEXEDPOLYGONALFACE((5,6,7,8));
#2210=IFCINDEXEDPOLYGONALFACE((1,2,6,5));
#2211=IFCINDEXEDPOLYGONALFACE((2,3,7,6));
#2212=IFCINDEXEDPOLYGONALFACE((3,4,8,7));
#2213=IFCINDEXEDPOLYGONALFACE((4,1,5,8));
#2214=IFCPOLYGONALFACESET(#2207,$,(#2208,#2209,#2210,#2211,#2212,#2213),$);
#2215=IFCSHAPEREPRESENTATION(#11,'Body','Tessellation',(#2214));
#2216=IFCPRODUCTDEFINITIONSHAPE($,$,(#2215));
#2217=IFCWINDOW('2CcjaoI8X1hRGgDFc_9Jiy',$,'Fen\X2\00EA\X0\tre aluminium nord 7 R+2',$,$,$,#2227,$,$,$,$,$,$);
#2218=IFCCARTESIANPOINTLIST3D(((28500.,17780.,6900.),(29900.,17780.,6900.),(29900.,18020.,6900.),(28500.,18020.,6900.),(28500.,17780.,8200.000000000002),(29900.,17780.,8200.000000000002),(29900.,18020.,8200.000000000002),(28500.,18020.,8200.000000000002)));
#2219=IFCINDEXEDPOLYGONALFACE((1,4,3,2));
#2220=IFCINDEXEDPOLYGONALFACE((5,6,7,8));
#2221=IFCINDEXEDPOLYGONALFACE((1,2,6,5));
#2222=IFCINDEXEDPOLYGONALFACE((2,3,7,6));
#2223=IFCINDEXEDPOLYGONALFACE((3,4,8,7));
#2224=IFCINDEXEDPOLYGONALFACE((4,1,5,8));
#2225=IFCPOLYGONALFACESET(#2218,$,(#2219,#2220,#2221,#2222,#2223,#2224),$);
#2226=IFCSHAPEREPRESENTATION(#11,'Body','Tessellation',(#2225));
#2227=IFCPRODUCTDEFINITIONSHAPE($,$,(#2226));
#2228=IFCWINDOW('31rJEkhUv2ehY5xmW1qAE0',$,'Fen\X2\00EA\X0\tre aluminium sud 8 R+2',$,$,$,#2238,$,$,$,$,$,$);
#2229=IFCCARTESIANPOINTLIST3D(((33000.,-20.,6900.),(34400.,-20.,6900.),(34400.,220.,6900.),(33000.,220.,6900.),(33000.,-20.,8200.000000000002),(34400.,-20.,8200.000000000002),(34400.,220.,8200.000000000002),(33000.,220.,8200.000000000002)));
#2230=IFCINDEXEDPOLYGONALFACE((1,4,3,2));
#2231=IFCINDEXEDPOLYGONALFACE((5,6,7,8));
#2232=IFCINDEXEDPOLYGONALFACE((1,2,6,5));
#2233=IFCINDEXEDPOLYGONALFACE((2,3,7,6));
#2234=IFCINDEXEDPOLYGONALFACE((3,4,8,7));
#2235=IFCINDEXEDPOLYGONALFACE((4,1,5,8));
#2236=IFCPOLYGONALFACESET(#2229,$,(#2230,#2231,#2232,#2233,#2234,#2235),$);
#2237=IFCSHAPEREPRESENTATION(#11,'Body','Tessellation',(#2236));
#2238=IFCPRODUCTDEFINITIONSHAPE($,$,(#2237));
#2239=IFCWINDOW('0SwHQxTsr63fag4dzCdWGz',$,'Fen\X2\00EA\X0\tre aluminium nord 8 R+2',$,$,$,#2249,$,$,$,$,$,$);
#2240=IFCCARTESIANPOINTLIST3D(((33000.,17780.,6900.),(34400.,17780.,6900.),(34400.,18020.,6900.),(33000.,18020.,6900.),(33000.,17780.,8200.000000000002),(34400.,17780.,8200.000000000002),(34400.,18020.,8200.000000000002),(33000.,18020.,8200.000000000002)));
#2241=IFCINDEXEDPOLYGONALFACE((1,4,3,2));
#2242=IFCINDEXEDPOLYGONALFACE((5,6,7,8));
#2243=IFCINDEXEDPOLYGONALFACE((1,2,6,5));
#2244=IFCINDEXEDPOLYGONALFACE((2,3,7,6));
#2245=IFCINDEXEDPOLYGONALFACE((3,4,8,7));
#2246=IFCINDEXEDPOLYGONALFACE((4,1,5,8));
#2247=IFCPOLYGONALFACESET(#2240,$,(#2241,#2242,#2243,#2244,#2245,#2246),$);
#2248=IFCSHAPEREPRESENTATION(#11,'Body','Tessellation',(#2247));
#2249=IFCPRODUCTDEFINITIONSHAPE($,$,(#2248));
#2250=IFCDOOR('0rNuQKwB9C29OoVQa0lXoV',$,'Porte pali\X2\00E8\X0\re bois 1A R+2',$,$,$,#2260,$,$,$,$,$,$);
#2251=IFCCARTESIANPOINTLIST3D(((2000.,7450.,6000.),(2900.,7450.,6000.),(2900.,7550.,6000.),(2000.,7550.,6000.),(2000.,7450.,8100.),(2900.,7450.,8100.),(2900.,7550.,8100.),(2000.,7550.,8100.)));
#2252=IFCINDEXEDPOLYGONALFACE((1,4,3,2));
#2253=IFCINDEXEDPOLYGONALFACE((5,6,7,8));
#2254=IFCINDEXEDPOLYGONALFACE((1,2,6,5));
#2255=IFCINDEXEDPOLYGONALFACE((2,3,7,6));
#2256=IFCINDEXEDPOLYGONALFACE((3,4,8,7));
#2257=IFCINDEXEDPOLYGONALFACE((4,1,5,8));
#2258=IFCPOLYGONALFACESET(#2251,$,(#2252,#2253,#2254,#2255,#2256,#2257),$);
#2259=IFCSHAPEREPRESENTATION(#11,'Body','Tessellation',(#2258));
#2260=IFCPRODUCTDEFINITIONSHAPE($,$,(#2259));
#2261=IFCDOOR('1dqQb9qbz5H9teEY9bvjVV',$,'Porte pali\X2\00E8\X0\re bois 1B R+2',$,$,$,#2271,$,$,$,$,$,$);
#2262=IFCCARTESIANPOINTLIST3D(((2000.,10450.,6000.),(2900.,10450.,6000.),(2900.,10549.999999999998,6000.),(2000.,10549.999999999998,6000.),(2000.,10450.,8100.),(2900.,10450.,8100.),(2900.,10549.999999999998,8100.),(2000.,10549.999999999998,8100.)));
#2263=IFCINDEXEDPOLYGONALFACE((1,4,3,2));
#2264=IFCINDEXEDPOLYGONALFACE((5,6,7,8));
#2265=IFCINDEXEDPOLYGONALFACE((1,2,6,5));
#2266=IFCINDEXEDPOLYGONALFACE((2,3,7,6));
#2267=IFCINDEXEDPOLYGONALFACE((3,4,8,7));
#2268=IFCINDEXEDPOLYGONALFACE((4,1,5,8));
#2269=IFCPOLYGONALFACESET(#2262,$,(#2263,#2264,#2265,#2266,#2267,#2268),$);
#2270=IFCSHAPEREPRESENTATION(#11,'Body','Tessellation',(#2269));
#2271=IFCPRODUCTDEFINITIONSHAPE($,$,(#2270));
#2272=IFCDOOR('2gQqxMPRT5Nx$lvYd2uBOv',$,'Porte pali\X2\00E8\X0\re bois 2A R+2',$,$,$,#2282,$,$,$,$,$,$);
#2273=IFCCARTESIANPOINTLIST3D(((11000.,7450.,6000.),(11900.,7450.,6000.),(11900.,7550.,6000.),(11000.,7550.,6000.),(11000.,7450.,8100.),(11900.,7450.,8100.),(11900.,7550.,8100.),(11000.,7550.,8100.)));
#2274=IFCINDEXEDPOLYGONALFACE((1,4,3,2));
#2275=IFCINDEXEDPOLYGONALFACE((5,6,7,8));
#2276=IFCINDEXEDPOLYGONALFACE((1,2,6,5));
#2277=IFCINDEXEDPOLYGONALFACE((2,3,7,6));
#2278=IFCINDEXEDPOLYGONALFACE((3,4,8,7));
#2279=IFCINDEXEDPOLYGONALFACE((4,1,5,8));
#2280=IFCPOLYGONALFACESET(#2273,$,(#2274,#2275,#2276,#2277,#2278,#2279),$);
#2281=IFCSHAPEREPRESENTATION(#11,'Body','Tessellation',(#2280));
#2282=IFCPRODUCTDEFINITIONSHAPE($,$,(#2281));
#2283=IFCDOOR('2YdFR_vWb6zvH1jCqaS7IK',$,'Porte pali\X2\00E8\X0\re bois 2B R+2',$,$,$,#2293,$,$,$,$,$,$);
#2284=IFCCARTESIANPOINTLIST3D(((11000.,10450.,6000.),(11900.,10450.,6000.),(11900.,10549.999999999998,6000.),(11000.,10549.999999999998,6000.),(11000.,10450.,8100.),(11900.,10450.,8100.),(11900.,10549.999999999998,8100.),(11000.,10549.999999999998,8100.)));
#2285=IFCINDEXEDPOLYGONALFACE((1,4,3,2));
#2286=IFCINDEXEDPOLYGONALFACE((5,6,7,8));
#2287=IFCINDEXEDPOLYGONALFACE((1,2,6,5));
#2288=IFCINDEXEDPOLYGONALFACE((2,3,7,6));
#2289=IFCINDEXEDPOLYGONALFACE((3,4,8,7));
#2290=IFCINDEXEDPOLYGONALFACE((4,1,5,8));
#2291=IFCPOLYGONALFACESET(#2284,$,(#2285,#2286,#2287,#2288,#2289,#2290),$);
#2292=IFCSHAPEREPRESENTATION(#11,'Body','Tessellation',(#2291));
#2293=IFCPRODUCTDEFINITIONSHAPE($,$,(#2292));
#2294=IFCDOOR('2YypFh2zX4JQfMcmdWzfMX',$,'Porte pali\X2\00E8\X0\re bois 3A R+2',$,$,$,#2304,$,$,$,$,$,$);
#2295=IFCCARTESIANPOINTLIST3D(((20500.,7450.,6000.),(21400.,7450.,6000.),(21400.,7550.,6000.),(20500.,7550.,6000.),(20500.,7450.,8100.),(21400.,7450.,8100.),(21400.,7550.,8100.),(20500.,7550.,8100.)));
#2296=IFCINDEXEDPOLYGONALFACE((1,4,3,2));
#2297=IFCINDEXEDPOLYGONALFACE((5,6,7,8));
#2298=IFCINDEXEDPOLYGONALFACE((1,2,6,5));
#2299=IFCINDEXEDPOLYGONALFACE((2,3,7,6));
#2300=IFCINDEXEDPOLYGONALFACE((3,4,8,7));
#2301=IFCINDEXEDPOLYGONALFACE((4,1,5,8));
#2302=IFCPOLYGONALFACESET(#2295,$,(#2296,#2297,#2298,#2299,#2300,#2301),$);
#2303=IFCSHAPEREPRESENTATION(#11,'Body','Tessellation',(#2302));
#2304=IFCPRODUCTDEFINITIONSHAPE($,$,(#2303));
#2305=IFCDOOR('34X1OA5P93ORtlBWoEMNfW',$,'Porte pali\X2\00E8\X0\re bois 3B R+2',$,$,$,#2315,$,$,$,$,$,$);
#2306=IFCCARTESIANPOINTLIST3D(((20500.,10450.,6000.),(21400.,10450.,6000.),(21400.,10549.999999999998,6000.),(20500.,10549.999999999998,6000.),(20500.,10450.,8100.),(21400.,10450.,8100.),(21400.,10549.999999999998,8100.),(20500.,10549.999999999998,8100.)));
#2307=IFCINDEXEDPOLYGONALFACE((1,4,3,2));
#2308=IFCINDEXEDPOLYGONALFACE((5,6,7,8));
#2309=IFCINDEXEDPOLYGONALFACE((1,2,6,5));
#2310=IFCINDEXEDPOLYGONALFACE((2,3,7,6));
#2311=IFCINDEXEDPOLYGONALFACE((3,4,8,7));
#2312=IFCINDEXEDPOLYGONALFACE((4,1,5,8));
#2313=IFCPOLYGONALFACESET(#2306,$,(#2307,#2308,#2309,#2310,#2311,#2312),$);
#2314=IFCSHAPEREPRESENTATION(#11,'Body','Tessellation',(#2313));
#2315=IFCPRODUCTDEFINITIONSHAPE($,$,(#2314));
#2316=IFCDOOR('2hR5WuZG93wAhLqe6uEjfd',$,'Porte pali\X2\00E8\X0\re bois 4A R+2',$,$,$,#2326,$,$,$,$,$,$);
#2317=IFCCARTESIANPOINTLIST3D(((29000.,7450.,6000.),(29900.,7450.,6000.),(29900.,7550.,6000.),(29000.,7550.,6000.),(29000.,7450.,8100.),(29900.,7450.,8100.),(29900.,7550.,8100.),(29000.,7550.,8100.)));
#2318=IFCINDEXEDPOLYGONALFACE((1,4,3,2));
#2319=IFCINDEXEDPOLYGONALFACE((5,6,7,8));
#2320=IFCINDEXEDPOLYGONALFACE((1,2,6,5));
#2321=IFCINDEXEDPOLYGONALFACE((2,3,7,6));
#2322=IFCINDEXEDPOLYGONALFACE((3,4,8,7));
#2323=IFCINDEXEDPOLYGONALFACE((4,1,5,8));
#2324=IFCPOLYGONALFACESET(#2317,$,(#2318,#2319,#2320,#2321,#2322,#2323),$);
#2325=IFCSHAPEREPRESENTATION(#11,'Body','Tessellation',(#2324));
#2326=IFCPRODUCTDEFINITIONSHAPE($,$,(#2325));
#2327=IFCDOOR('3n2EnzEX99IRhMb$Ax5FMP',$,'Porte pali\X2\00E8\X0\re bois 4B R+2',$,$,$,#2337,$,$,$,$,$,$);
#2328=IFCCARTESIANPOINTLIST3D(((29000.,10450.,6000.),(29900.,10450.,6000.),(29900.,10549.999999999998,6000.),(29000.,10549.999999999998,6000.),(29000.,10450.,8100.),(29900.,10450.,8100.),(29900.,10549.999999999998,8100.),(29000.,10549.999999999998,8100.)));
#2329=IFCINDEXEDPOLYGONALFACE((1,4,3,2));
#2330=IFCINDEXEDPOLYGONALFACE((5,6,7,8));
#2331=IFCINDEXEDPOLYGONALFACE((1,2,6,5));
#2332=IFCINDEXEDPOLYGONALFACE((2,3,7,6));
#2333=IFCINDEXEDPOLYGONALFACE((3,4,8,7));
#2334=IFCINDEXEDPOLYGONALFACE((4,1,5,8));
#2335=IFCPOLYGONALFACESET(#2328,$,(#2329,#2330,#2331,#2332,#2333,#2334),$);
#2336=IFCSHAPEREPRESENTATION(#11,'Body','Tessellation',(#2335));
#2337=IFCPRODUCTDEFINITIONSHAPE($,$,(#2336));
#2338=IFCRAILING('3TxHuarnf4yf$_RZkjNRdm',$,'Garde-corps balcon 1 R+2',$,$,$,#2348,$,$);
#2339=IFCCARTESIANPOINTLIST3D(((1000.,-1200.,6000.),(8000.,-1200.,6000.),(8000.,-1150.,6000.),(1000.,-1150.,6000.),(1000.,-1200.,7000.),(8000.,-1200.,7000.),(8000.,-1150.,7000.),(1000.,-1150.,7000.)));
#2340=IFCINDEXEDPOLYGONALFACE((1,4,3,2));
#2341=IFCINDEXEDPOLYGONALFACE((5,6,7,8));
#2342=IFCINDEXEDPOLYGONALFACE((1,2,6,5));
#2343=IFCINDEXEDPOLYGONALFACE((2,3,7,6));
#2344=IFCINDEXEDPOLYGONALFACE((3,4,8,7));
#2345=IFCINDEXEDPOLYGONALFACE((4,1,5,8));
#2346=IFCPOLYGONALFACESET(#2339,$,(#2340,#2341,#2342,#2343,#2344,#2345),$);
#2347=IFCSHAPEREPRESENTATION(#11,'Body','Tessellation',(#2346));
#2348=IFCPRODUCTDEFINITIONSHAPE($,$,(#2347));
#2349=IFCRAILING('1IN$d62yLC2uPiB1h0JhNl',$,'Garde-corps balcon 2 R+2',$,$,$,#2359,$,$);
#2350=IFCCARTESIANPOINTLIST3D(((10000.,-1200.,6000.),(17000.,-1200.,6000.),(17000.,-1150.,6000.),(10000.,-1150.,6000.),(10000.,-1200.,7000.),(17000.,-1200.,7000.),(17000.,-1150.,7000.),(10000.,-1150.,7000.)));
#2351=IFCINDEXEDPOLYGONALFACE((1,4,3,2));
#2352=IFCINDEXEDPOLYGONALFACE((5,6,7,8));
#2353=IFCINDEXEDPOLYGONALFACE((1,2,6,5));
#2354=IFCINDEXEDPOLYGONALFACE((2,3,7,6));
#2355=IFCINDEXEDPOLYGONALFACE((3,4,8,7));
#2356=IFCINDEXEDPOLYGONALFACE((4,1,5,8));
#2357=IFCPOLYGONALFACESET(#2350,$,(#2351,#2352,#2353,#2354,#2355,#2356),$);
#2358=IFCSHAPEREPRESENTATION(#11,'Body','Tessellation',(#2357));
#2359=IFCPRODUCTDEFINITIONSHAPE($,$,(#2358));
#2360=IFCRAILING('3lbKuzyT11xwzl8o1lOqRQ',$,'Garde-corps balcon 3 R+2',$,$,$,#2370,$,$);
#2361=IFCCARTESIANPOINTLIST3D(((19000.,-1200.,6000.),(26000.,-1200.,6000.),(26000.,-1150.,6000.),(19000.,-1150.,6000.),(19000.,-1200.,7000.),(26000.,-1200.,7000.),(26000.,-1150.,7000.),(19000.,-1150.,7000.)));
#2362=IFCINDEXEDPOLYGONALFACE((1,4,3,2));
#2363=IFCINDEXEDPOLYGONALFACE((5,6,7,8));
#2364=IFCINDEXEDPOLYGONALFACE((1,2,6,5));
#2365=IFCINDEXEDPOLYGONALFACE((2,3,7,6));
#2366=IFCINDEXEDPOLYGONALFACE((3,4,8,7));
#2367=IFCINDEXEDPOLYGONALFACE((4,1,5,8));
#2368=IFCPOLYGONALFACESET(#2361,$,(#2362,#2363,#2364,#2365,#2366,#2367),$);
#2369=IFCSHAPEREPRESENTATION(#11,'Body','Tessellation',(#2368));
#2370=IFCPRODUCTDEFINITIONSHAPE($,$,(#2369));
#2371=IFCRAILING('2iMD9B1MDCVfTq7g$LTSvD',$,'Garde-corps balcon 4 R+2',$,$,$,#2381,$,$);
#2372=IFCCARTESIANPOINTLIST3D(((28000.,-1200.,6000.),(35000.,-1200.,6000.),(35000.,-1150.,6000.),(28000.,-1150.,6000.),(28000.,-1200.,7000.),(35000.,-1200.,7000.),(35000.,-1150.,7000.),(28000.,-1150.,7000.)));
#2373=IFCINDEXEDPOLYGONALFACE((1,4,3,2));
#2374=IFCINDEXEDPOLYGONALFACE((5,6,7,8));
#2375=IFCINDEXEDPOLYGONALFACE((1,2,6,5));
#2376=IFCINDEXEDPOLYGONALFACE((2,3,7,6));
#2377=IFCINDEXEDPOLYGONALFACE((3,4,8,7));
#2378=IFCINDEXEDPOLYGONALFACE((4,1,5,8));
#2379=IFCPOLYGONALFACESET(#2372,$,(#2373,#2374,#2375,#2376,#2377,#2378),$);
#2380=IFCSHAPEREPRESENTATION(#11,'Body','Tessellation',(#2379));
#2381=IFCPRODUCTDEFINITIONSHAPE($,$,(#2380));
#2382=IFCCOLUMN('3HlFYyHY90pvzfCoUABtl$',$,'Poteau P1A R+3',$,$,$,#2392,$,$);
#2383=IFCCARTESIANPOINTLIST3D(((-150.,-150.,9000.),(150.,-150.,9000.),(150.,150.,9000.),(-150.,150.,9000.),(-150.,-150.,11800.),(150.,-150.,11800.),(150.,150.,11800.),(-150.,150.,11800.)));
#2384=IFCINDEXEDPOLYGONALFACE((1,4,3,2));
#2385=IFCINDEXEDPOLYGONALFACE((5,6,7,8));
#2386=IFCINDEXEDPOLYGONALFACE((1,2,6,5));
#2387=IFCINDEXEDPOLYGONALFACE((2,3,7,6));
#2388=IFCINDEXEDPOLYGONALFACE((3,4,8,7));
#2389=IFCINDEXEDPOLYGONALFACE((4,1,5,8));
#2390=IFCPOLYGONALFACESET(#2383,$,(#2384,#2385,#2386,#2387,#2388,#2389),$);
#2391=IFCSHAPEREPRESENTATION(#11,'Body','Tessellation',(#2390));
#2392=IFCPRODUCTDEFINITIONSHAPE($,$,(#2391));
#2393=IFCCOLUMN('29Ngs4qBPBWeJ2LoNGIFS6',$,'Poteau P1B R+3',$,$,$,#2403,$,$);
#2394=IFCCARTESIANPOINTLIST3D(((-150.,8850.,9000.),(150.,8850.,9000.),(150.,9150.,9000.),(-150.,9150.,9000.),(-150.,8850.,11800.),(150.,8850.,11800.),(150.,9150.,11800.),(-150.,9150.,11800.)));
#2395=IFCINDEXEDPOLYGONALFACE((1,4,3,2));
#2396=IFCINDEXEDPOLYGONALFACE((5,6,7,8));
#2397=IFCINDEXEDPOLYGONALFACE((1,2,6,5));
#2398=IFCINDEXEDPOLYGONALFACE((2,3,7,6));
#2399=IFCINDEXEDPOLYGONALFACE((3,4,8,7));
#2400=IFCINDEXEDPOLYGONALFACE((4,1,5,8));
#2401=IFCPOLYGONALFACESET(#2394,$,(#2395,#2396,#2397,#2398,#2399,#2400),$);
#2402=IFCSHAPEREPRESENTATION(#11,'Body','Tessellation',(#2401));
#2403=IFCPRODUCTDEFINITIONSHAPE($,$,(#2402));
#2404=IFCCOLUMN('0bh9dmT7vCWuoQfQPIlaUS',$,'Poteau P1C R+3',$,$,$,#2414,$,$);
#2405=IFCCARTESIANPOINTLIST3D(((-150.,17850.,9000.),(150.,17850.,9000.),(150.,18150.000000000004,9000.),(-150.,18150.000000000004,9000.),(-150.,17850.,11800.),(150.,17850.,11800.),(150.,18150.000000000004,11800.),(-150.,18150.000000000004,11800.)));
#2406=IFCINDEXEDPOLYGONALFACE((1,4,3,2));
#2407=IFCINDEXEDPOLYGONALFACE((5,6,7,8));
#2408=IFCINDEXEDPOLYGONALFACE((1,2,6,5));
#2409=IFCINDEXEDPOLYGONALFACE((2,3,7,6));
#2410=IFCINDEXEDPOLYGONALFACE((3,4,8,7));
#2411=IFCINDEXEDPOLYGONALFACE((4,1,5,8));
#2412=IFCPOLYGONALFACESET(#2405,$,(#2406,#2407,#2408,#2409,#2410,#2411),$);
#2413=IFCSHAPEREPRESENTATION(#11,'Body','Tessellation',(#2412));
#2414=IFCPRODUCTDEFINITIONSHAPE($,$,(#2413));
#2415=IFCCOLUMN('1LcAQNZM5DUunQGq7gFX6N',$,'Poteau P2A R+3',$,$,$,#2425,$,$);
#2416=IFCCARTESIANPOINTLIST3D(((8850.,-150.,9000.),(9150.,-150.,9000.),(9150.,150.,9000.),(8850.,150.,9000.),(8850.,-150.,11800.),(9150.,-150.,11800.),(9150.,150.,11800.),(8850.,150.,11800.)));
#2417=IFCINDEXEDPOLYGONALFACE((1,4,3,2));
#2418=IFCINDEXEDPOLYGONALFACE((5,6,7,8));
#2419=IFCINDEXEDPOLYGONALFACE((1,2,6,5));
#2420=IFCINDEXEDPOLYGONALFACE((2,3,7,6));
#2421=IFCINDEXEDPOLYGONALFACE((3,4,8,7));
#2422=IFCINDEXEDPOLYGONALFACE((4,1,5,8));
#2423=IFCPOLYGONALFACESET(#2416,$,(#2417,#2418,#2419,#2420,#2421,#2422),$);
#2424=IFCSHAPEREPRESENTATION(#11,'Body','Tessellation',(#2423));
#2425=IFCPRODUCTDEFINITIONSHAPE($,$,(#2424));
#2426=IFCCOLUMN('2Ntw7iz$f85x$qEtoUltLy',$,'Poteau P2B R+3',$,$,$,#2436,$,$);
#2427=IFCCARTESIANPOINTLIST3D(((8850.,8850.,9000.),(9150.,8850.,9000.),(9150.,9150.,9000.),(8850.,9150.,9000.),(8850.,8850.,11800.),(9150.,8850.,11800.),(9150.,9150.,11800.),(8850.,9150.,11800.)));
#2428=IFCINDEXEDPOLYGONALFACE((1,4,3,2));
#2429=IFCINDEXEDPOLYGONALFACE((5,6,7,8));
#2430=IFCINDEXEDPOLYGONALFACE((1,2,6,5));
#2431=IFCINDEXEDPOLYGONALFACE((2,3,7,6));
#2432=IFCINDEXEDPOLYGONALFACE((3,4,8,7));
#2433=IFCINDEXEDPOLYGONALFACE((4,1,5,8));
#2434=IFCPOLYGONALFACESET(#2427,$,(#2428,#2429,#2430,#2431,#2432,#2433),$);
#2435=IFCSHAPEREPRESENTATION(#11,'Body','Tessellation',(#2434));
#2436=IFCPRODUCTDEFINITIONSHAPE($,$,(#2435));
#2437=IFCCOLUMN('1zRlPVYKv7ABfepX$_IyqL',$,'Poteau P2C R+3',$,$,$,#2447,$,$);
#2438=IFCCARTESIANPOINTLIST3D(((8850.,17850.,9000.),(9150.,17850.,9000.),(9150.,18150.000000000004,9000.),(8850.,18150.000000000004,9000.),(8850.,17850.,11800.),(9150.,17850.,11800.),(9150.,18150.000000000004,11800.),(8850.,18150.000000000004,11800.)));
#2439=IFCINDEXEDPOLYGONALFACE((1,4,3,2));
#2440=IFCINDEXEDPOLYGONALFACE((5,6,7,8));
#2441=IFCINDEXEDPOLYGONALFACE((1,2,6,5));
#2442=IFCINDEXEDPOLYGONALFACE((2,3,7,6));
#2443=IFCINDEXEDPOLYGONALFACE((3,4,8,7));
#2444=IFCINDEXEDPOLYGONALFACE((4,1,5,8));
#2445=IFCPOLYGONALFACESET(#2438,$,(#2439,#2440,#2441,#2442,#2443,#2444),$);
#2446=IFCSHAPEREPRESENTATION(#11,'Body','Tessellation',(#2445));
#2447=IFCPRODUCTDEFINITIONSHAPE($,$,(#2446));
#2448=IFCCOLUMN('1E6SkewAH3RwLOEncj_YYZ',$,'Poteau P3A R+3',$,$,$,#2458,$,$);
#2449=IFCCARTESIANPOINTLIST3D(((17850.,-150.,9000.),(18150.000000000004,-150.,9000.),(18150.000000000004,150.,9000.),(17850.,150.,9000.),(17850.,-150.,11800.),(18150.000000000004,-150.,11800.),(18150.000000000004,150.,11800.),(17850.,150.,11800.)));
#2450=IFCINDEXEDPOLYGONALFACE((1,4,3,2));
#2451=IFCINDEXEDPOLYGONALFACE((5,6,7,8));
#2452=IFCINDEXEDPOLYGONALFACE((1,2,6,5));
#2453=IFCINDEXEDPOLYGONALFACE((2,3,7,6));
#2454=IFCINDEXEDPOLYGONALFACE((3,4,8,7));
#2455=IFCINDEXEDPOLYGONALFACE((4,1,5,8));
#2456=IFCPOLYGONALFACESET(#2449,$,(#2450,#2451,#2452,#2453,#2454,#2455),$);
#2457=IFCSHAPEREPRESENTATION(#11,'Body','Tessellation',(#2456));
#2458=IFCPRODUCTDEFINITIONSHAPE($,$,(#2457));
#2459=IFCCOLUMN('2yUIKex$TE7BLnsWP$wJow',$,'Poteau P3B R+3',$,$,$,#2469,$,$);
#2460=IFCCARTESIANPOINTLIST3D(((17850.,8850.,9000.),(18150.000000000004,8850.,9000.),(18150.000000000004,9150.,9000.),(17850.,9150.,9000.),(17850.,8850.,11800.),(18150.000000000004,8850.,11800.),(18150.000000000004,9150.,11800.),(17850.,9150.,11800.)));
#2461=IFCINDEXEDPOLYGONALFACE((1,4,3,2));
#2462=IFCINDEXEDPOLYGONALFACE((5,6,7,8));
#2463=IFCINDEXEDPOLYGONALFACE((1,2,6,5));
#2464=IFCINDEXEDPOLYGONALFACE((2,3,7,6));
#2465=IFCINDEXEDPOLYGONALFACE((3,4,8,7));
#2466=IFCINDEXEDPOLYGONALFACE((4,1,5,8));
#2467=IFCPOLYGONALFACESET(#2460,$,(#2461,#2462,#2463,#2464,#2465,#2466),$);
#2468=IFCSHAPEREPRESENTATION(#11,'Body','Tessellation',(#2467));
#2469=IFCPRODUCTDEFINITIONSHAPE($,$,(#2468));
#2470=IFCCOLUMN('1PebabVVr3cPgx0KPfiGOb',$,'Poteau P3C R+3',$,$,$,#2480,$,$);
#2471=IFCCARTESIANPOINTLIST3D(((17850.,17850.,9000.),(18150.000000000004,17850.,9000.),(18150.000000000004,18150.000000000004,9000.),(17850.,18150.000000000004,9000.),(17850.,17850.,11800.),(18150.000000000004,17850.,11800.),(18150.000000000004,18150.000000000004,11800.),(17850.,18150.000000000004,11800.)));
#2472=IFCINDEXEDPOLYGONALFACE((1,4,3,2));
#2473=IFCINDEXEDPOLYGONALFACE((5,6,7,8));
#2474=IFCINDEXEDPOLYGONALFACE((1,2,6,5));
#2475=IFCINDEXEDPOLYGONALFACE((2,3,7,6));
#2476=IFCINDEXEDPOLYGONALFACE((3,4,8,7));
#2477=IFCINDEXEDPOLYGONALFACE((4,1,5,8));
#2478=IFCPOLYGONALFACESET(#2471,$,(#2472,#2473,#2474,#2475,#2476,#2477),$);
#2479=IFCSHAPEREPRESENTATION(#11,'Body','Tessellation',(#2478));
#2480=IFCPRODUCTDEFINITIONSHAPE($,$,(#2479));
#2481=IFCCOLUMN('3VsWHdoiD3ePQxSX91RbJt',$,'Poteau P4A R+3',$,$,$,#2491,$,$);
#2482=IFCCARTESIANPOINTLIST3D(((26850.,-150.,9000.),(27150.000000000004,-150.,9000.),(27150.000000000004,150.,9000.),(26850.,150.,9000.),(26850.,-150.,11800.),(27150.000000000004,-150.,11800.),(27150.000000000004,150.,11800.),(26850.,150.,11800.)));
#2483=IFCINDEXEDPOLYGONALFACE((1,4,3,2));
#2484=IFCINDEXEDPOLYGONALFACE((5,6,7,8));
#2485=IFCINDEXEDPOLYGONALFACE((1,2,6,5));
#2486=IFCINDEXEDPOLYGONALFACE((2,3,7,6));
#2487=IFCINDEXEDPOLYGONALFACE((3,4,8,7));
#2488=IFCINDEXEDPOLYGONALFACE((4,1,5,8));
#2489=IFCPOLYGONALFACESET(#2482,$,(#2483,#2484,#2485,#2486,#2487,#2488),$);
#2490=IFCSHAPEREPRESENTATION(#11,'Body','Tessellation',(#2489));
#2491=IFCPRODUCTDEFINITIONSHAPE($,$,(#2490));
#2492=IFCCOLUMN('3OKXCgOT970wX2oRTNOlQY',$,'Poteau P4B R+3',$,$,$,#2502,$,$);
#2493=IFCCARTESIANPOINTLIST3D(((26850.,8850.,9000.),(27150.000000000004,8850.,9000.),(27150.000000000004,9150.,9000.),(26850.,9150.,9000.),(26850.,8850.,11800.),(27150.000000000004,8850.,11800.),(27150.000000000004,9150.,11800.),(26850.,9150.,11800.)));
#2494=IFCINDEXEDPOLYGONALFACE((1,4,3,2));
#2495=IFCINDEXEDPOLYGONALFACE((5,6,7,8));
#2496=IFCINDEXEDPOLYGONALFACE((1,2,6,5));
#2497=IFCINDEXEDPOLYGONALFACE((2,3,7,6));
#2498=IFCINDEXEDPOLYGONALFACE((3,4,8,7));
#2499=IFCINDEXEDPOLYGONALFACE((4,1,5,8));
#2500=IFCPOLYGONALFACESET(#2493,$,(#2494,#2495,#2496,#2497,#2498,#2499),$);
#2501=IFCSHAPEREPRESENTATION(#11,'Body','Tessellation',(#2500));
#2502=IFCPRODUCTDEFINITIONSHAPE($,$,(#2501));
#2503=IFCCOLUMN('3fMRt1CfLBGezPmMycwbkH',$,'Poteau P4C R+3',$,$,$,#2513,$,$);
#2504=IFCCARTESIANPOINTLIST3D(((26850.,17850.,9000.),(27150.000000000004,17850.,9000.),(27150.000000000004,18150.000000000004,9000.),(26850.,18150.000000000004,9000.),(26850.,17850.,11800.),(27150.000000000004,17850.,11800.),(27150.000000000004,18150.000000000004,11800.),(26850.,18150.000000000004,11800.)));
#2505=IFCINDEXEDPOLYGONALFACE((1,4,3,2));
#2506=IFCINDEXEDPOLYGONALFACE((5,6,7,8));
#2507=IFCINDEXEDPOLYGONALFACE((1,2,6,5));
#2508=IFCINDEXEDPOLYGONALFACE((2,3,7,6));
#2509=IFCINDEXEDPOLYGONALFACE((3,4,8,7));
#2510=IFCINDEXEDPOLYGONALFACE((4,1,5,8));
#2511=IFCPOLYGONALFACESET(#2504,$,(#2505,#2506,#2507,#2508,#2509,#2510),$);
#2512=IFCSHAPEREPRESENTATION(#11,'Body','Tessellation',(#2511));
#2513=IFCPRODUCTDEFINITIONSHAPE($,$,(#2512));
#2514=IFCCOLUMN('13Gs_TE6b1ceQgD8B7qQw6',$,'Poteau P5A R+3',$,$,$,#2524,$,$);
#2515=IFCCARTESIANPOINTLIST3D(((35850.,-150.,9000.),(36150.,-150.,9000.),(36150.,150.,9000.),(35850.,150.,9000.),(35850.,-150.,11800.),(36150.,-150.,11800.),(36150.,150.,11800.),(35850.,150.,11800.)));
#2516=IFCINDEXEDPOLYGONALFACE((1,4,3,2));
#2517=IFCINDEXEDPOLYGONALFACE((5,6,7,8));
#2518=IFCINDEXEDPOLYGONALFACE((1,2,6,5));
#2519=IFCINDEXEDPOLYGONALFACE((2,3,7,6));
#2520=IFCINDEXEDPOLYGONALFACE((3,4,8,7));
#2521=IFCINDEXEDPOLYGONALFACE((4,1,5,8));
#2522=IFCPOLYGONALFACESET(#2515,$,(#2516,#2517,#2518,#2519,#2520,#2521),$);
#2523=IFCSHAPEREPRESENTATION(#11,'Body','Tessellation',(#2522));
#2524=IFCPRODUCTDEFINITIONSHAPE($,$,(#2523));
#2525=IFCCOLUMN('2$1ndC4A55e8$g9H8kMC1X',$,'Poteau P5B R+3',$,$,$,#2535,$,$);
#2526=IFCCARTESIANPOINTLIST3D(((35850.,8850.,9000.),(36150.,8850.,9000.),(36150.,9150.,9000.),(35850.,9150.,9000.),(35850.,8850.,11800.),(36150.,8850.,11800.),(36150.,9150.,11800.),(35850.,9150.,11800.)));
#2527=IFCINDEXEDPOLYGONALFACE((1,4,3,2));
#2528=IFCINDEXEDPOLYGONALFACE((5,6,7,8));
#2529=IFCINDEXEDPOLYGONALFACE((1,2,6,5));
#2530=IFCINDEXEDPOLYGONALFACE((2,3,7,6));
#2531=IFCINDEXEDPOLYGONALFACE((3,4,8,7));
#2532=IFCINDEXEDPOLYGONALFACE((4,1,5,8));
#2533=IFCPOLYGONALFACESET(#2526,$,(#2527,#2528,#2529,#2530,#2531,#2532),$);
#2534=IFCSHAPEREPRESENTATION(#11,'Body','Tessellation',(#2533));
#2535=IFCPRODUCTDEFINITIONSHAPE($,$,(#2534));
#2536=IFCCOLUMN('257XzqY0jEzuyDK4$Gd1j2',$,'Poteau P5C R+3',$,$,$,#2546,$,$);
#2537=IFCCARTESIANPOINTLIST3D(((35850.,17850.,9000.),(36150.,17850.,9000.),(36150.,18150.000000000004,9000.),(35850.,18150.000000000004,9000.),(35850.,17850.,11800.),(36150.,17850.,11800.),(36150.,18150.000000000004,11800.),(35850.,18150.000000000004,11800.)));
#2538=IFCINDEXEDPOLYGONALFACE((1,4,3,2));
#2539=IFCINDEXEDPOLYGONALFACE((5,6,7,8));
#2540=IFCINDEXEDPOLYGONALFACE((1,2,6,5));
#2541=IFCINDEXEDPOLYGONALFACE((2,3,7,6));
#2542=IFCINDEXEDPOLYGONALFACE((3,4,8,7));
#2543=IFCINDEXEDPOLYGONALFACE((4,1,5,8));
#2544=IFCPOLYGONALFACESET(#2537,$,(#2538,#2539,#2540,#2541,#2542,#2543),$);
#2545=IFCSHAPEREPRESENTATION(#11,'Body','Tessellation',(#2544));
#2546=IFCPRODUCTDEFINITIONSHAPE($,$,(#2545));
#2547=IFCWALL('3k74wkDv56Jh7aofsHmnzl',$,'Voile de fa\X2\00E7\X0\ade nord R+3',$,$,$,#2557,$,$);
#2548=IFCCARTESIANPOINTLIST3D(((0.,17800.,9000.),(36000.,17800.,9000.),(36000.,18000.,9000.),(0.,18000.,9000.),(0.,17800.,11800.),(36000.,17800.,11800.),(36000.,18000.,11800.),(0.,18000.,11800.)));
#2549=IFCINDEXEDPOLYGONALFACE((1,4,3,2));
#2550=IFCINDEXEDPOLYGONALFACE((5,6,7,8));
#2551=IFCINDEXEDPOLYGONALFACE((1,2,6,5));
#2552=IFCINDEXEDPOLYGONALFACE((2,3,7,6));
#2553=IFCINDEXEDPOLYGONALFACE((3,4,8,7));
#2554=IFCINDEXEDPOLYGONALFACE((4,1,5,8));
#2555=IFCPOLYGONALFACESET(#2548,$,(#2549,#2550,#2551,#2552,#2553,#2554),$);
#2556=IFCSHAPEREPRESENTATION(#11,'Body','Tessellation',(#2555));
#2557=IFCPRODUCTDEFINITIONSHAPE($,$,(#2556));
#2558=IFCWALL('2BFvgl_Fb92hVAXlz8iJ9Z',$,'Voile de fa\X2\00E7\X0\ade sud R+3',$,$,$,#2568,$,$);
#2559=IFCCARTESIANPOINTLIST3D(((0.,0.,9000.),(36000.,0.,9000.),(36000.,200.,9000.),(0.,200.,9000.),(0.,0.,11800.),(36000.,0.,11800.),(36000.,200.,11800.),(0.,200.,11800.)));
#2560=IFCINDEXEDPOLYGONALFACE((1,4,3,2));
#2561=IFCINDEXEDPOLYGONALFACE((5,6,7,8));
#2562=IFCINDEXEDPOLYGONALFACE((1,2,6,5));
#2563=IFCINDEXEDPOLYGONALFACE((2,3,7,6));
#2564=IFCINDEXEDPOLYGONALFACE((3,4,8,7));
#2565=IFCINDEXEDPOLYGONALFACE((4,1,5,8));
#2566=IFCPOLYGONALFACESET(#2559,$,(#2560,#2561,#2562,#2563,#2564,#2565),$);
#2567=IFCSHAPEREPRESENTATION(#11,'Body','Tessellation',(#2566));
#2568=IFCPRODUCTDEFINITIONSHAPE($,$,(#2567));
#2569=IFCWALL('2ooPnT_yn0LxcIcIrk$MPV',$,'Voile pignon est R+3',$,$,$,#2579,$,$);
#2570=IFCCARTESIANPOINTLIST3D(((35800.,0.,9000.),(36000.,0.,9000.),(36000.,18000.,9000.),(35800.,18000.,9000.),(35800.,0.,11800.),(36000.,0.,11800.),(36000.,18000.,11800.),(35800.,18000.,11800.)));
#2571=IFCINDEXEDPOLYGONALFACE((1,4,3,2));
#2572=IFCINDEXEDPOLYGONALFACE((5,6,7,8));
#2573=IFCINDEXEDPOLYGONALFACE((1,2,6,5));
#2574=IFCINDEXEDPOLYGONALFACE((2,3,7,6));
#2575=IFCINDEXEDPOLYGONALFACE((3,4,8,7));
#2576=IFCINDEXEDPOLYGONALFACE((4,1,5,8));
#2577=IFCPOLYGONALFACESET(#2570,$,(#2571,#2572,#2573,#2574,#2575,#2576),$);
#2578=IFCSHAPEREPRESENTATION(#11,'Body','Tessellation',(#2577));
#2579=IFCPRODUCTDEFINITIONSHAPE($,$,(#2578));
#2580=IFCWALL('3DFn4i8Qz1xwj6raWwnRi4',$,'Voile pignon ouest R+3',$,$,$,#2590,$,$);
#2581=IFCCARTESIANPOINTLIST3D(((0.,0.,9000.),(200.,0.,9000.),(200.,18000.,9000.),(0.,18000.,9000.),(0.,0.,11800.),(200.,0.,11800.),(200.,18000.,11800.),(0.,18000.,11800.)));
#2582=IFCINDEXEDPOLYGONALFACE((1,4,3,2));
#2583=IFCINDEXEDPOLYGONALFACE((5,6,7,8));
#2584=IFCINDEXEDPOLYGONALFACE((1,2,6,5));
#2585=IFCINDEXEDPOLYGONALFACE((2,3,7,6));
#2586=IFCINDEXEDPOLYGONALFACE((3,4,8,7));
#2587=IFCINDEXEDPOLYGONALFACE((4,1,5,8));
#2588=IFCPOLYGONALFACESET(#2581,$,(#2582,#2583,#2584,#2585,#2586,#2587),$);
#2589=IFCSHAPEREPRESENTATION(#11,'Body','Tessellation',(#2588));
#2590=IFCPRODUCTDEFINITIONSHAPE($,$,(#2589));
#2591=IFCWALL('3L8W7JnFvEswRMKiEPsY2C',$,'Voile cage d''escalier nord R+3',$,$,$,#2601,$,$);
#2592=IFCCARTESIANPOINTLIST3D(((16000.,10300.,9000.),(20000.,10300.,9000.),(20000.,10500.,9000.),(16000.,10500.,9000.),(16000.,10300.,11800.),(20000.,10300.,11800.),(20000.,10500.,11800.),(16000.,10500.,11800.)));
#2593=IFCINDEXEDPOLYGONALFACE((1,4,3,2));
#2594=IFCINDEXEDPOLYGONALFACE((5,6,7,8));
#2595=IFCINDEXEDPOLYGONALFACE((1,2,6,5));
#2596=IFCINDEXEDPOLYGONALFACE((2,3,7,6));
#2597=IFCINDEXEDPOLYGONALFACE((3,4,8,7));
#2598=IFCINDEXEDPOLYGONALFACE((4,1,5,8));
#2599=IFCPOLYGONALFACESET(#2592,$,(#2593,#2594,#2595,#2596,#2597,#2598),$);
#2600=IFCSHAPEREPRESENTATION(#11,'Body','Tessellation',(#2599));
#2601=IFCPRODUCTDEFINITIONSHAPE($,$,(#2600));
#2602=IFCWALL('11EnIWhkH6xRj$sOxjD$x1',$,'Voile cage d''escalier sud R+3',$,$,$,#2612,$,$);
#2603=IFCCARTESIANPOINTLIST3D(((16000.,7500.,9000.),(20000.,7500.,9000.),(20000.,7700.,9000.),(16000.,7700.,9000.),(16000.,7500.,11800.),(20000.,7500.,11800.),(20000.,7700.,11800.),(16000.,7700.,11800.)));
#2604=IFCINDEXEDPOLYGONALFACE((1,4,3,2));
#2605=IFCINDEXEDPOLYGONALFACE((5,6,7,8));
#2606=IFCINDEXEDPOLYGONALFACE((1,2,6,5));
#2607=IFCINDEXEDPOLYGONALFACE((2,3,7,6));
#2608=IFCINDEXEDPOLYGONALFACE((3,4,8,7));
#2609=IFCINDEXEDPOLYGONALFACE((4,1,5,8));
#2610=IFCPOLYGONALFACESET(#2603,$,(#2604,#2605,#2606,#2607,#2608,#2609),$);
#2611=IFCSHAPEREPRESENTATION(#11,'Body','Tessellation',(#2610));
#2612=IFCPRODUCTDEFINITIONSHAPE($,$,(#2611));
#2613=IFCWALL('0NrpZmAS90Wh$T3zQekfcc',$,'Voile cage d''escalier est R+3',$,$,$,#2623,$,$);
#2614=IFCCARTESIANPOINTLIST3D(((19800.,7500.,9000.),(20000.,7500.,9000.),(20000.,10500.,9000.),(19800.,10500.,9000.),(19800.,7500.,11800.),(20000.,7500.,11800.),(20000.,10500.,11800.),(19800.,10500.,11800.)));
#2615=IFCINDEXEDPOLYGONALFACE((1,4,3,2));
#2616=IFCINDEXEDPOLYGONALFACE((5,6,7,8));
#2617=IFCINDEXEDPOLYGONALFACE((1,2,6,5));
#2618=IFCINDEXEDPOLYGONALFACE((2,3,7,6));
#2619=IFCINDEXEDPOLYGONALFACE((3,4,8,7));
#2620=IFCINDEXEDPOLYGONALFACE((4,1,5,8));
#2621=IFCPOLYGONALFACESET(#2614,$,(#2615,#2616,#2617,#2618,#2619,#2620),$);
#2622=IFCSHAPEREPRESENTATION(#11,'Body','Tessellation',(#2621));
#2623=IFCPRODUCTDEFINITIONSHAPE($,$,(#2622));
#2624=IFCWALL('2DGqeXGabBzR1cU34mgILq',$,'Voile cage d''escalier ouest R+3',$,$,$,#2634,$,$);
#2625=IFCCARTESIANPOINTLIST3D(((16000.,7500.,9000.),(16200.,7500.,9000.),(16200.,10500.,9000.),(16000.,10500.,9000.),(16000.,7500.,11800.),(16200.,7500.,11800.),(16200.,10500.,11800.),(16000.,10500.,11800.)));
#2626=IFCINDEXEDPOLYGONALFACE((1,4,3,2));
#2627=IFCINDEXEDPOLYGONALFACE((5,6,7,8));
#2628=IFCINDEXEDPOLYGONALFACE((1,2,6,5));
#2629=IFCINDEXEDPOLYGONALFACE((2,3,7,6));
#2630=IFCINDEXEDPOLYGONALFACE((3,4,8,7));
#2631=IFCINDEXEDPOLYGONALFACE((4,1,5,8));
#2632=IFCPOLYGONALFACESET(#2625,$,(#2626,#2627,#2628,#2629,#2630,#2631),$);
#2633=IFCSHAPEREPRESENTATION(#11,'Body','Tessellation',(#2632));
#2634=IFCPRODUCTDEFINITIONSHAPE($,$,(#2633));
#2635=IFCWALL('1xiDkkxU5FMvyBoIDFxPss',$,'Mur en agglom\X2\00E9\X0\r\X2\00E9\X0\s x9 R+3',$,$,$,#2645,$,$);
#2636=IFCCARTESIANPOINTLIST3D(((8900.,200.,9000.),(9100.,200.,9000.),(9100.,7500.,9000.),(8900.,7500.,9000.),(8900.,200.,11800.),(9100.,200.,11800.),(9100.,7500.,11800.),(8900.,7500.,11800.)));
#2637=IFCINDEXEDPOLYGONALFACE((1,4,3,2));
#2638=IFCINDEXEDPOLYGONALFACE((5,6,7,8));
#2639=IFCINDEXEDPOLYGONALFACE((1,2,6,5));
#2640=IFCINDEXEDPOLYGONALFACE((2,3,7,6));
#2641=IFCINDEXEDPOLYGONALFACE((3,4,8,7));
#2642=IFCINDEXEDPOLYGONALFACE((4,1,5,8));
#2643=IFCPOLYGONALFACESET(#2636,$,(#2637,#2638,#2639,#2640,#2641,#2642),$);
#2644=IFCSHAPEREPRESENTATION(#11,'Body','Tessellation',(#2643));
#2645=IFCPRODUCTDEFINITIONSHAPE($,$,(#2644));
#2646=IFCWALL('2hmrbzdZ90_RzzKk__RxGn',$,'Mur en agglom\X2\00E9\X0\r\X2\00E9\X0\s x9 R+3',$,$,$,#2656,$,$);
#2647=IFCCARTESIANPOINTLIST3D(((8900.,10500.,9000.),(9100.,10500.,9000.),(9100.,17800.,9000.),(8900.,17800.,9000.),(8900.,10500.,11800.),(9100.,10500.,11800.),(9100.,17800.,11800.),(8900.,17800.,11800.)));
#2648=IFCINDEXEDPOLYGONALFACE((1,4,3,2));
#2649=IFCINDEXEDPOLYGONALFACE((5,6,7,8));
#2650=IFCINDEXEDPOLYGONALFACE((1,2,6,5));
#2651=IFCINDEXEDPOLYGONALFACE((2,3,7,6));
#2652=IFCINDEXEDPOLYGONALFACE((3,4,8,7));
#2653=IFCINDEXEDPOLYGONALFACE((4,1,5,8));
#2654=IFCPOLYGONALFACESET(#2647,$,(#2648,#2649,#2650,#2651,#2652,#2653),$);
#2655=IFCSHAPEREPRESENTATION(#11,'Body','Tessellation',(#2654));
#2656=IFCPRODUCTDEFINITIONSHAPE($,$,(#2655));
#2657=IFCWALL('2NtkMgGcTBI8nSAidsnTvT',$,'Mur en agglom\X2\00E9\X0\r\X2\00E9\X0\s x27 R+3',$,$,$,#2667,$,$);
#2658=IFCCARTESIANPOINTLIST3D(((26900.,200.,9000.),(27099.999999999996,200.,9000.),(27099.999999999996,7500.,9000.),(26900.,7500.,9000.),(26900.,200.,11800.),(27099.999999999996,200.,11800.),(27099.999999999996,7500.,11800.),(26900.,7500.,11800.)));
#2659=IFCINDEXEDPOLYGONALFACE((1,4,3,2));
#2660=IFCINDEXEDPOLYGONALFACE((5,6,7,8));
#2661=IFCINDEXEDPOLYGONALFACE((1,2,6,5));
#2662=IFCINDEXEDPOLYGONALFACE((2,3,7,6));
#2663=IFCINDEXEDPOLYGONALFACE((3,4,8,7));
#2664=IFCINDEXEDPOLYGONALFACE((4,1,5,8));
#2665=IFCPOLYGONALFACESET(#2658,$,(#2659,#2660,#2661,#2662,#2663,#2664),$);
#2666=IFCSHAPEREPRESENTATION(#11,'Body','Tessellation',(#2665));
#2667=IFCPRODUCTDEFINITIONSHAPE($,$,(#2666));
#2668=IFCWALL('0DZw3JcBvCufYOzUzVDb_F',$,'Mur en agglom\X2\00E9\X0\r\X2\00E9\X0\s x27 R+3',$,$,$,#2678,$,$);
#2669=IFCCARTESIANPOINTLIST3D(((26900.,10500.,9000.),(27099.999999999996,10500.,9000.),(27099.999999999996,17800.,9000.),(26900.,17800.,9000.),(26900.,10500.,11800.),(27099.999999999996,10500.,11800.),(27099.999999999996,17800.,11800.),(26900.,17800.,11800.)));
#2670=IFCINDEXEDPOLYGONALFACE((1,4,3,2));
#2671=IFCINDEXEDPOLYGONALFACE((5,6,7,8));
#2672=IFCINDEXEDPOLYGONALFACE((1,2,6,5));
#2673=IFCINDEXEDPOLYGONALFACE((2,3,7,6));
#2674=IFCINDEXEDPOLYGONALFACE((3,4,8,7));
#2675=IFCINDEXEDPOLYGONALFACE((4,1,5,8));
#2676=IFCPOLYGONALFACESET(#2669,$,(#2670,#2671,#2672,#2673,#2674,#2675),$);
#2677=IFCSHAPEREPRESENTATION(#11,'Body','Tessellation',(#2676));
#2678=IFCPRODUCTDEFINITIONSHAPE($,$,(#2677));
#2679=IFCWALL('0edWxQ$1nDUOlGWugjk5uC',$,'Cloison de distribution x4.5 R+3',$,$,$,#2689,$,$);
#2680=IFCCARTESIANPOINTLIST3D(((4460.,200.,9000.),(4540.,200.,9000.),(4540.,4200.,9000.),(4460.,4200.,9000.),(4460.,200.,11800.),(4540.,200.,11800.),(4540.,4200.,11800.),(4460.,4200.,11800.)));
#2681=IFCINDEXEDPOLYGONALFACE((1,4,3,2));
#2682=IFCINDEXEDPOLYGONALFACE((5,6,7,8));
#2683=IFCINDEXEDPOLYGONALFACE((1,2,6,5));
#2684=IFCINDEXEDPOLYGONALFACE((2,3,7,6));
#2685=IFCINDEXEDPOLYGONALFACE((3,4,8,7));
#2686=IFCINDEXEDPOLYGONALFACE((4,1,5,8));
#2687=IFCPOLYGONALFACESET(#2680,$,(#2681,#2682,#2683,#2684,#2685,#2686),$);
#2688=IFCSHAPEREPRESENTATION(#11,'Body','Tessellation',(#2687));
#2689=IFCPRODUCTDEFINITIONSHAPE($,$,(#2688));
#2690=IFCWALL('0YIozJjwH3nQuhdbp_Md4u',$,'Cloison de distribution x4.5 R+3',$,$,$,#2700,$,$);
#2691=IFCCARTESIANPOINTLIST3D(((4460.,10500.,9000.),(4540.,10500.,9000.),(4540.,14500.,9000.),(4460.,14500.,9000.),(4460.,10500.,11800.),(4540.,10500.,11800.),(4540.,14500.,11800.),(4460.,14500.,11800.)));
#2692=IFCINDEXEDPOLYGONALFACE((1,4,3,2));
#2693=IFCINDEXEDPOLYGONALFACE((5,6,7,8));
#2694=IFCINDEXEDPOLYGONALFACE((1,2,6,5));
#2695=IFCINDEXEDPOLYGONALFACE((2,3,7,6));
#2696=IFCINDEXEDPOLYGONALFACE((3,4,8,7));
#2697=IFCINDEXEDPOLYGONALFACE((4,1,5,8));
#2698=IFCPOLYGONALFACESET(#2691,$,(#2692,#2693,#2694,#2695,#2696,#2697),$);
#2699=IFCSHAPEREPRESENTATION(#11,'Body','Tessellation',(#2698));
#2700=IFCPRODUCTDEFINITIONSHAPE($,$,(#2699));
#2701=IFCWALL('3GACzDMJPArPgaYg9O1Aog',$,'Cloison de distribution x13.5 R+3',$,$,$,#2711,$,$);
#2702=IFCCARTESIANPOINTLIST3D(((13460.,200.,9000.),(13540.000000000002,200.,9000.),(13540.000000000002,4200.,9000.),(13460.,4200.,9000.),(13460.,200.,11800.),(13540.000000000002,200.,11800.),(13540.000000000002,4200.,11800.),(13460.,4200.,11800.)));
#2703=IFCINDEXEDPOLYGONALFACE((1,4,3,2));
#2704=IFCINDEXEDPOLYGONALFACE((5,6,7,8));
#2705=IFCINDEXEDPOLYGONALFACE((1,2,6,5));
#2706=IFCINDEXEDPOLYGONALFACE((2,3,7,6));
#2707=IFCINDEXEDPOLYGONALFACE((3,4,8,7));
#2708=IFCINDEXEDPOLYGONALFACE((4,1,5,8));
#2709=IFCPOLYGONALFACESET(#2702,$,(#2703,#2704,#2705,#2706,#2707,#2708),$);
#2710=IFCSHAPEREPRESENTATION(#11,'Body','Tessellation',(#2709));
#2711=IFCPRODUCTDEFINITIONSHAPE($,$,(#2710));
#2712=IFCWALL('2ys18gaD119Pte9E3OXux6',$,'Cloison de distribution x13.5 R+3',$,$,$,#2722,$,$);
#2713=IFCCARTESIANPOINTLIST3D(((13460.,10500.,9000.),(13540.000000000002,10500.,9000.),(13540.000000000002,14500.,9000.),(13460.,14500.,9000.),(13460.,10500.,11800.),(13540.000000000002,10500.,11800.),(13540.000000000002,14500.,11800.),(13460.,14500.,11800.)));
#2714=IFCINDEXEDPOLYGONALFACE((1,4,3,2));
#2715=IFCINDEXEDPOLYGONALFACE((5,6,7,8));
#2716=IFCINDEXEDPOLYGONALFACE((1,2,6,5));
#2717=IFCINDEXEDPOLYGONALFACE((2,3,7,6));
#2718=IFCINDEXEDPOLYGONALFACE((3,4,8,7));
#2719=IFCINDEXEDPOLYGONALFACE((4,1,5,8));
#2720=IFCPOLYGONALFACESET(#2713,$,(#2714,#2715,#2716,#2717,#2718,#2719),$);
#2721=IFCSHAPEREPRESENTATION(#11,'Body','Tessellation',(#2720));
#2722=IFCPRODUCTDEFINITIONSHAPE($,$,(#2721));
#2723=IFCWALL('066$zprN1BOue0qEsFSNxB',$,'Cloison de distribution x22.5 R+3',$,$,$,#2733,$,$);
#2724=IFCCARTESIANPOINTLIST3D(((22460.,200.,9000.),(22540.,200.,9000.),(22540.,4200.,9000.),(22460.,4200.,9000.),(22460.,200.,11800.),(22540.,200.,11800.),(22540.,4200.,11800.),(22460.,4200.,11800.)));
#2725=IFCINDEXEDPOLYGONALFACE((1,4,3,2));
#2726=IFCINDEXEDPOLYGONALFACE((5,6,7,8));
#2727=IFCINDEXEDPOLYGONALFACE((1,2,6,5));
#2728=IFCINDEXEDPOLYGONALFACE((2,3,7,6));
#2729=IFCINDEXEDPOLYGONALFACE((3,4,8,7));
#2730=IFCINDEXEDPOLYGONALFACE((4,1,5,8));
#2731=IFCPOLYGONALFACESET(#2724,$,(#2725,#2726,#2727,#2728,#2729,#2730),$);
#2732=IFCSHAPEREPRESENTATION(#11,'Body','Tessellation',(#2731));
#2733=IFCPRODUCTDEFINITIONSHAPE($,$,(#2732));
#2734=IFCWALL('02NOtfxwf0_vdlQcqFgYvf',$,'Cloison de distribution x22.5 R+3',$,$,$,#2744,$,$);
#2735=IFCCARTESIANPOINTLIST3D(((22460.,10500.,9000.),(22540.,10500.,9000.),(22540.,14500.,9000.),(22460.,14500.,9000.),(22460.,10500.,11800.),(22540.,10500.,11800.),(22540.,14500.,11800.),(22460.,14500.,11800.)));
#2736=IFCINDEXEDPOLYGONALFACE((1,4,3,2));
#2737=IFCINDEXEDPOLYGONALFACE((5,6,7,8));
#2738=IFCINDEXEDPOLYGONALFACE((1,2,6,5));
#2739=IFCINDEXEDPOLYGONALFACE((2,3,7,6));
#2740=IFCINDEXEDPOLYGONALFACE((3,4,8,7));
#2741=IFCINDEXEDPOLYGONALFACE((4,1,5,8));
#2742=IFCPOLYGONALFACESET(#2735,$,(#2736,#2737,#2738,#2739,#2740,#2741),$);
#2743=IFCSHAPEREPRESENTATION(#11,'Body','Tessellation',(#2742));
#2744=IFCPRODUCTDEFINITIONSHAPE($,$,(#2743));
#2745=IFCWALL('2zIsQKEkHEpur31eIOD_Xj',$,'Cloison de distribution x31.5 R+3',$,$,$,#2755,$,$);
#2746=IFCCARTESIANPOINTLIST3D(((31460.,200.,9000.),(31540.,200.,9000.),(31540.,4200.,9000.),(31460.,4200.,9000.),(31460.,200.,11800.),(31540.,200.,11800.),(31540.,4200.,11800.),(31460.,4200.,11800.)));
#2747=IFCINDEXEDPOLYGONALFACE((1,4,3,2));
#2748=IFCINDEXEDPOLYGONALFACE((5,6,7,8));
#2749=IFCINDEXEDPOLYGONALFACE((1,2,6,5));
#2750=IFCINDEXEDPOLYGONALFACE((2,3,7,6));
#2751=IFCINDEXEDPOLYGONALFACE((3,4,8,7));
#2752=IFCINDEXEDPOLYGONALFACE((4,1,5,8));
#2753=IFCPOLYGONALFACESET(#2746,$,(#2747,#2748,#2749,#2750,#2751,#2752),$);
#2754=IFCSHAPEREPRESENTATION(#11,'Body','Tessellation',(#2753));
#2755=IFCPRODUCTDEFINITIONSHAPE($,$,(#2754));
#2756=IFCWALL('3tSP_G46r3QvHHyxhCUmF8',$,'Cloison de distribution x31.5 R+3',$,$,$,#2766,$,$);
#2757=IFCCARTESIANPOINTLIST3D(((31460.,10500.,9000.),(31540.,10500.,9000.),(31540.,14500.,9000.),(31460.,14500.,9000.),(31460.,10500.,11800.),(31540.,10500.,11800.),(31540.,14500.,11800.),(31460.,14500.,11800.)));
#2758=IFCINDEXEDPOLYGONALFACE((1,4,3,2));
#2759=IFCINDEXEDPOLYGONALFACE((5,6,7,8));
#2760=IFCINDEXEDPOLYGONALFACE((1,2,6,5));
#2761=IFCINDEXEDPOLYGONALFACE((2,3,7,6));
#2762=IFCINDEXEDPOLYGONALFACE((3,4,8,7));
#2763=IFCINDEXEDPOLYGONALFACE((4,1,5,8));
#2764=IFCPOLYGONALFACESET(#2757,$,(#2758,#2759,#2760,#2761,#2762,#2763),$);
#2765=IFCSHAPEREPRESENTATION(#11,'Body','Tessellation',(#2764));
#2766=IFCPRODUCTDEFINITIONSHAPE($,$,(#2765));
#2767=IFCSTAIR('1hEHbUO9X3AguXh0MlcaKY',$,'Escalier R+3',$,$,$,#2777,$,$);
#2768=IFCCARTESIANPOINTLIST3D(((16200.,7700.,9000.),(19800.,7700.,9000.),(19800.,10300.,9000.),(16200.,10300.,9000.),(16200.,7700.,12000.),(19800.,7700.,12000.),(19800.,10300.,12000.),(16200.,10300.,12000.)));
#2769=IFCINDEXEDPOLYGONALFACE((1,4,3,2));
#2770=IFCINDEXEDPOLYGONALFACE((5,6,7,8));
#2771=IFCINDEXEDPOLYGONALFACE((1,2,6,5));
#2772=IFCINDEXEDPOLYGONALFACE((2,3,7,6));
#2773=IFCINDEXEDPOLYGONALFACE((3,4,8,7));
#2774=IFCINDEXEDPOLYGONALFACE((4,1,5,8));
#2775=IFCPOLYGONALFACESET(#2768,$,(#2769,#2770,#2771,#2772,#2773,#2774),$);
#2776=IFCSHAPEREPRESENTATION(#11,'Body','Tessellation',(#2775));
#2777=IFCPRODUCTDEFINITIONSHAPE($,$,(#2776));
#2778=IFCSLAB('0PAkCZfmT2aw_lEXwPaqit',$,'Plancher haut du R+3 et terrasse',$,$,$,#2788,$,$);
#2779=IFCCARTESIANPOINTLIST3D(((0.,0.,11800.),(36000.,0.,11800.),(36000.,18000.,11800.),(0.,18000.,11800.),(0.,0.,12000.),(36000.,0.,12000.),(36000.,18000.,12000.),(0.,18000.,12000.)));
#2780=IFCINDEXEDPOLYGONALFACE((1,4,3,2));
#2781=IFCINDEXEDPOLYGONALFACE((5,6,7,8));
#2782=IFCINDEXEDPOLYGONALFACE((1,2,6,5));
#2783=IFCINDEXEDPOLYGONALFACE((2,3,7,6));
#2784=IFCINDEXEDPOLYGONALFACE((3,4,8,7));
#2785=IFCINDEXEDPOLYGONALFACE((4,1,5,8));
#2786=IFCPOLYGONALFACESET(#2779,$,(#2780,#2781,#2782,#2783,#2784,#2785),$);
#2787=IFCSHAPEREPRESENTATION(#11,'Body','Tessellation',(#2786));
#2788=IFCPRODUCTDEFINITIONSHAPE($,$,(#2787));
#2789=IFCRELCONTAINEDINSPATIALSTRUCTURE('1TO8uODWr0deLdBlKoZk5d',$,$,$,(#3109,#3142,#3175,#3098,#3120,#3153,#3186,#2778,#3131,#3164,#3197),#22);
#2790=IFCWINDOW('2fTROkRcP8mONWUdU8RAwN',$,'Fen\X2\00EA\X0\tre aluminium sud 1 R+3',$,$,$,#2800,$,$,$,$,$,$);
#2791=IFCCARTESIANPOINTLIST3D(((1500.,-20.,9900.),(2900.,-20.,9900.),(2900.,220.,9900.),(1500.,220.,9900.),(1500.,-20.,11200.000000000002),(2900.,-20.,11200.000000000002),(2900.,220.,11200.000000000002),(1500.,220.,11200.000000000002)));
#2792=IFCINDEXEDPOLYGONALFACE((1,4,3,2));
#2793=IFCINDEXEDPOLYGONALFACE((5,6,7,8));
#2794=IFCINDEXEDPOLYGONALFACE((1,2,6,5));
#2795=IFCINDEXEDPOLYGONALFACE((2,3,7,6));
#2796=IFCINDEXEDPOLYGONALFACE((3,4,8,7));
#2797=IFCINDEXEDPOLYGONALFACE((4,1,5,8));
#2798=IFCPOLYGONALFACESET(#2791,$,(#2792,#2793,#2794,#2795,#2796,#2797),$);
#2799=IFCSHAPEREPRESENTATION(#11,'Body','Tessellation',(#2798));
#2800=IFCPRODUCTDEFINITIONSHAPE($,$,(#2799));
#2801=IFCWINDOW('26Hxu0T_PEF87cL68$bsO3',$,'Fen\X2\00EA\X0\tre aluminium nord 1 R+3',$,$,$,#2811,$,$,$,$,$,$);
#2802=IFCCARTESIANPOINTLIST3D(((1500.,17780.,9900.),(2900.,17780.,9900.),(2900.,18020.,9900.),(1500.,18020.,9900.),(1500.,17780.,11200.000000000002),(2900.,17780.,11200.000000000002),(2900.,18020.,11200.000000000002),(1500.,18020.,11200.000000000002)));
#2803=IFCINDEXEDPOLYGONALFACE((1,4,3,2));
#2804=IFCINDEXEDPOLYGONALFACE((5,6,7,8));
#2805=IFCINDEXEDPOLYGONALFACE((1,2,6,5));
#2806=IFCINDEXEDPOLYGONALFACE((2,3,7,6));
#2807=IFCINDEXEDPOLYGONALFACE((3,4,8,7));
#2808=IFCINDEXEDPOLYGONALFACE((4,1,5,8));
#2809=IFCPOLYGONALFACESET(#2802,$,(#2803,#2804,#2805,#2806,#2807,#2808),$);
#2810=IFCSHAPEREPRESENTATION(#11,'Body','Tessellation',(#2809));
#2811=IFCPRODUCTDEFINITIONSHAPE($,$,(#2810));
#2812=IFCWINDOW('2CFe6cFt532BvLgxASAFut',$,'Fen\X2\00EA\X0\tre aluminium sud 2 R+3',$,$,$,#2822,$,$,$,$,$,$);
#2813=IFCCARTESIANPOINTLIST3D(((6000.,-20.,9900.),(7400.,-20.,9900.),(7400.,220.,9900.),(6000.,220.,9900.),(6000.,-20.,11200.000000000002),(7400.,-20.,11200.000000000002),(7400.,220.,11200.000000000002),(6000.,220.,11200.000000000002)));
#2814=IFCINDEXEDPOLYGONALFACE((1,4,3,2));
#2815=IFCINDEXEDPOLYGONALFACE((5,6,7,8));
#2816=IFCINDEXEDPOLYGONALFACE((1,2,6,5));
#2817=IFCINDEXEDPOLYGONALFACE((2,3,7,6));
#2818=IFCINDEXEDPOLYGONALFACE((3,4,8,7));
#2819=IFCINDEXEDPOLYGONALFACE((4,1,5,8));
#2820=IFCPOLYGONALFACESET(#2813,$,(#2814,#2815,#2816,#2817,#2818,#2819),$);
#2821=IFCSHAPEREPRESENTATION(#11,'Body','Tessellation',(#2820));
#2822=IFCPRODUCTDEFINITIONSHAPE($,$,(#2821));
#2823=IFCWINDOW('1KGxOscpb7H82PybTXNsAf',$,'Fen\X2\00EA\X0\tre aluminium nord 2 R+3',$,$,$,#2833,$,$,$,$,$,$);
#2824=IFCCARTESIANPOINTLIST3D(((6000.,17780.,9900.),(7400.,17780.,9900.),(7400.,18020.,9900.),(6000.,18020.,9900.),(6000.,17780.,11200.000000000002),(7400.,17780.,11200.000000000002),(7400.,18020.,11200.000000000002),(6000.,18020.,11200.000000000002)));
#2825=IFCINDEXEDPOLYGONALFACE((1,4,3,2));
#2826=IFCINDEXEDPOLYGONALFACE((5,6,7,8));
#2827=IFCINDEXEDPOLYGONALFACE((1,2,6,5));
#2828=IFCINDEXEDPOLYGONALFACE((2,3,7,6));
#2829=IFCINDEXEDPOLYGONALFACE((3,4,8,7));
#2830=IFCINDEXEDPOLYGONALFACE((4,1,5,8));
#2831=IFCPOLYGONALFACESET(#2824,$,(#2825,#2826,#2827,#2828,#2829,#2830),$);
#2832=IFCSHAPEREPRESENTATION(#11,'Body','Tessellation',(#2831));
#2833=IFCPRODUCTDEFINITIONSHAPE($,$,(#2832));
#2834=IFCWINDOW('3E7mvO5PD1GgCIFP_64E0G',$,'Fen\X2\00EA\X0\tre aluminium sud 3 R+3',$,$,$,#2844,$,$,$,$,$,$);
#2835=IFCCARTESIANPOINTLIST3D(((10500.,-20.,9900.),(11900.,-20.,9900.),(11900.,220.,9900.),(10500.,220.,9900.),(10500.,-20.,11200.000000000002),(11900.,-20.,11200.000000000002),(11900.,220.,11200.000000000002),(10500.,220.,11200.000000000002)));
#2836=IFCINDEXEDPOLYGONALFACE((1,4,3,2));
#2837=IFCINDEXEDPOLYGONALFACE((5,6,7,8));
#2838=IFCINDEXEDPOLYGONALFACE((1,2,6,5));
#2839=IFCINDEXEDPOLYGONALFACE((2,3,7,6));
#2840=IFCINDEXEDPOLYGONALFACE((3,4,8,7));
#2841=IFCINDEXEDPOLYGONALFACE((4,1,5,8));
#2842=IFCPOLYGONALFACESET(#2835,$,(#2836,#2837,#2838,#2839,#2840,#2841),$);
#2843=IFCSHAPEREPRESENTATION(#11,'Body','Tessellation',(#2842));
#2844=IFCPRODUCTDEFINITIONSHAPE($,$,(#2843));
#2845=IFCWINDOW('0kOCpneJPBpxYD1HfKHksH',$,'Fen\X2\00EA\X0\tre aluminium nord 3 R+3',$,$,$,#2855,$,$,$,$,$,$);
#2846=IFCCARTESIANPOINTLIST3D(((10500.,17780.,9900.),(11900.,17780.,9900.),(11900.,18020.,9900.),(10500.,18020.,9900.),(10500.,17780.,11200.000000000002),(11900.,17780.,11200.000000000002),(11900.,18020.,11200.000000000002),(10500.,18020.,11200.000000000002)));
#2847=IFCINDEXEDPOLYGONALFACE((1,4,3,2));
#2848=IFCINDEXEDPOLYGONALFACE((5,6,7,8));
#2849=IFCINDEXEDPOLYGONALFACE((1,2,6,5));
#2850=IFCINDEXEDPOLYGONALFACE((2,3,7,6));
#2851=IFCINDEXEDPOLYGONALFACE((3,4,8,7));
#2852=IFCINDEXEDPOLYGONALFACE((4,1,5,8));
#2853=IFCPOLYGONALFACESET(#2846,$,(#2847,#2848,#2849,#2850,#2851,#2852),$);
#2854=IFCSHAPEREPRESENTATION(#11,'Body','Tessellation',(#2853));
#2855=IFCPRODUCTDEFINITIONSHAPE($,$,(#2854));
#2856=IFCWINDOW('3IH8_fzJj3Mua$3XsYTmhU',$,'Fen\X2\00EA\X0\tre aluminium sud 4 R+3',$,$,$,#2866,$,$,$,$,$,$);
#2857=IFCCARTESIANPOINTLIST3D(((15000.,-20.,9900.),(16400.,-20.,9900.),(16400.,220.,9900.),(15000.,220.,9900.),(15000.,-20.,11200.000000000002),(16400.,-20.,11200.000000000002),(16400.,220.,11200.000000000002),(15000.,220.,11200.000000000002)));
#2858=IFCINDEXEDPOLYGONALFACE((1,4,3,2));
#2859=IFCINDEXEDPOLYGONALFACE((5,6,7,8));
#2860=IFCINDEXEDPOLYGONALFACE((1,2,6,5));
#2861=IFCINDEXEDPOLYGONALFACE((2,3,7,6));
#2862=IFCINDEXEDPOLYGONALFACE((3,4,8,7));
#2863=IFCINDEXEDPOLYGONALFACE((4,1,5,8));
#2864=IFCPOLYGONALFACESET(#2857,$,(#2858,#2859,#2860,#2861,#2862,#2863),$);
#2865=IFCSHAPEREPRESENTATION(#11,'Body','Tessellation',(#2864));
#2866=IFCPRODUCTDEFINITIONSHAPE($,$,(#2865));
#2867=IFCWINDOW('2L6hCjJOv4fBqEUvDEuAh$',$,'Fen\X2\00EA\X0\tre aluminium nord 4 R+3',$,$,$,#2877,$,$,$,$,$,$);
#2868=IFCCARTESIANPOINTLIST3D(((15000.,17780.,9900.),(16400.,17780.,9900.),(16400.,18020.,9900.),(15000.,18020.,9900.),(15000.,17780.,11200.000000000002),(16400.,17780.,11200.000000000002),(16400.,18020.,11200.000000000002),(15000.,18020.,11200.000000000002)));
#2869=IFCINDEXEDPOLYGONALFACE((1,4,3,2));
#2870=IFCINDEXEDPOLYGONALFACE((5,6,7,8));
#2871=IFCINDEXEDPOLYGONALFACE((1,2,6,5));
#2872=IFCINDEXEDPOLYGONALFACE((2,3,7,6));
#2873=IFCINDEXEDPOLYGONALFACE((3,4,8,7));
#2874=IFCINDEXEDPOLYGONALFACE((4,1,5,8));
#2875=IFCPOLYGONALFACESET(#2868,$,(#2869,#2870,#2871,#2872,#2873,#2874),$);
#2876=IFCSHAPEREPRESENTATION(#11,'Body','Tessellation',(#2875));
#2877=IFCPRODUCTDEFINITIONSHAPE($,$,(#2876));
#2878=IFCWINDOW('0OLi3GHEv6Vgo$8Oakni4w',$,'Fen\X2\00EA\X0\tre aluminium sud 5 R+3',$,$,$,#2888,$,$,$,$,$,$);
#2879=IFCCARTESIANPOINTLIST3D(((19500.,-20.,9900.),(20900.,-20.,9900.),(20900.,220.,9900.),(19500.,220.,9900.),(19500.,-20.,11200.000000000002),(20900.,-20.,11200.000000000002),(20900.,220.,11200.000000000002),(19500.,220.,11200.000000000002)));
#2880=IFCINDEXEDPOLYGONALFACE((1,4,3,2));
#2881=IFCINDEXEDPOLYGONALFACE((5,6,7,8));
#2882=IFCINDEXEDPOLYGONALFACE((1,2,6,5));
#2883=IFCINDEXEDPOLYGONALFACE((2,3,7,6));
#2884=IFCINDEXEDPOLYGONALFACE((3,4,8,7));
#2885=IFCINDEXEDPOLYGONALFACE((4,1,5,8));
#2886=IFCPOLYGONALFACESET(#2879,$,(#2880,#2881,#2882,#2883,#2884,#2885),$);
#2887=IFCSHAPEREPRESENTATION(#11,'Body','Tessellation',(#2886));
#2888=IFCPRODUCTDEFINITIONSHAPE($,$,(#2887));
#2889=IFCWINDOW('15dFqm3Pz7R9X95$fLnFoX',$,'Fen\X2\00EA\X0\tre aluminium nord 5 R+3',$,$,$,#2899,$,$,$,$,$,$);
#2890=IFCCARTESIANPOINTLIST3D(((19500.,17780.,9900.),(20900.,17780.,9900.),(20900.,18020.,9900.),(19500.,18020.,9900.),(19500.,17780.,11200.000000000002),(20900.,17780.,11200.000000000002),(20900.,18020.,11200.000000000002),(19500.,18020.,11200.000000000002)));
#2891=IFCINDEXEDPOLYGONALFACE((1,4,3,2));
#2892=IFCINDEXEDPOLYGONALFACE((5,6,7,8));
#2893=IFCINDEXEDPOLYGONALFACE((1,2,6,5));
#2894=IFCINDEXEDPOLYGONALFACE((2,3,7,6));
#2895=IFCINDEXEDPOLYGONALFACE((3,4,8,7));
#2896=IFCINDEXEDPOLYGONALFACE((4,1,5,8));
#2897=IFCPOLYGONALFACESET(#2890,$,(#2891,#2892,#2893,#2894,#2895,#2896),$);
#2898=IFCSHAPEREPRESENTATION(#11,'Body','Tessellation',(#2897));
#2899=IFCPRODUCTDEFINITIONSHAPE($,$,(#2898));
#2900=IFCWINDOW('3Q31FqkMTDSOzwIkr5SlTP',$,'Fen\X2\00EA\X0\tre aluminium sud 6 R+3',$,$,$,#2910,$,$,$,$,$,$);
#2901=IFCCARTESIANPOINTLIST3D(((24000.,-20.,9900.),(25400.,-20.,9900.),(25400.,220.,9900.),(24000.,220.,9900.),(24000.,-20.,11200.000000000002),(25400.,-20.,11200.000000000002),(25400.,220.,11200.000000000002),(24000.,220.,11200.000000000002)));
#2902=IFCINDEXEDPOLYGONALFACE((1,4,3,2));
#2903=IFCINDEXEDPOLYGONALFACE((5,6,7,8));
#2904=IFCINDEXEDPOLYGONALFACE((1,2,6,5));
#2905=IFCINDEXEDPOLYGONALFACE((2,3,7,6));
#2906=IFCINDEXEDPOLYGONALFACE((3,4,8,7));
#2907=IFCINDEXEDPOLYGONALFACE((4,1,5,8));
#2908=IFCPOLYGONALFACESET(#2901,$,(#2902,#2903,#2904,#2905,#2906,#2907),$);
#2909=IFCSHAPEREPRESENTATION(#11,'Body','Tessellation',(#2908));
#2910=IFCPRODUCTDEFINITIONSHAPE($,$,(#2909));
#2911=IFCWINDOW('1HDcVYKxHBvuU63ql7Z5ck',$,'Fen\X2\00EA\X0\tre aluminium nord 6 R+3',$,$,$,#2921,$,$,$,$,$,$);
#2912=IFCCARTESIANPOINTLIST3D(((24000.,17780.,9900.),(25400.,17780.,9900.),(25400.,18020.,9900.),(24000.,18020.,9900.),(24000.,17780.,11200.000000000002),(25400.,17780.,11200.000000000002),(25400.,18020.,11200.000000000002),(24000.,18020.,11200.000000000002)));
#2913=IFCINDEXEDPOLYGONALFACE((1,4,3,2));
#2914=IFCINDEXEDPOLYGONALFACE((5,6,7,8));
#2915=IFCINDEXEDPOLYGONALFACE((1,2,6,5));
#2916=IFCINDEXEDPOLYGONALFACE((2,3,7,6));
#2917=IFCINDEXEDPOLYGONALFACE((3,4,8,7));
#2918=IFCINDEXEDPOLYGONALFACE((4,1,5,8));
#2919=IFCPOLYGONALFACESET(#2912,$,(#2913,#2914,#2915,#2916,#2917,#2918),$);
#2920=IFCSHAPEREPRESENTATION(#11,'Body','Tessellation',(#2919));
#2921=IFCPRODUCTDEFINITIONSHAPE($,$,(#2920));
#2922=IFCWINDOW('0DdFqrV9P3yeBIRdrL_VX9',$,'Fen\X2\00EA\X0\tre aluminium sud 7 R+3',$,$,$,#2932,$,$,$,$,$,$);
#2923=IFCCARTESIANPOINTLIST3D(((28500.,-20.,9900.),(29900.,-20.,9900.),(29900.,220.,9900.),(28500.,220.,9900.),(28500.,-20.,11200.000000000002),(29900.,-20.,11200.000000000002),(29900.,220.,11200.000000000002),(28500.,220.,11200.000000000002)));
#2924=IFCINDEXEDPOLYGONALFACE((1,4,3,2));
#2925=IFCINDEXEDPOLYGONALFACE((5,6,7,8));
#2926=IFCINDEXEDPOLYGONALFACE((1,2,6,5));
#2927=IFCINDEXEDPOLYGONALFACE((2,3,7,6));
#2928=IFCINDEXEDPOLYGONALFACE((3,4,8,7));
#2929=IFCINDEXEDPOLYGONALFACE((4,1,5,8));
#2930=IFCPOLYGONALFACESET(#2923,$,(#2924,#2925,#2926,#2927,#2928,#2929),$);
#2931=IFCSHAPEREPRESENTATION(#11,'Body','Tessellation',(#2930));
#2932=IFCPRODUCTDEFINITIONSHAPE($,$,(#2931));
#2933=IFCWINDOW('2JS8oI6Cb0lgCENHbB8jiD',$,'Fen\X2\00EA\X0\tre aluminium nord 7 R+3',$,$,$,#2943,$,$,$,$,$,$);
#2934=IFCCARTESIANPOINTLIST3D(((28500.,17780.,9900.),(29900.,17780.,9900.),(29900.,18020.,9900.),(28500.,18020.,9900.),(28500.,17780.,11200.000000000002),(29900.,17780.,11200.000000000002),(29900.,18020.,11200.000000000002),(28500.,18020.,11200.000000000002)));
#2935=IFCINDEXEDPOLYGONALFACE((1,4,3,2));
#2936=IFCINDEXEDPOLYGONALFACE((5,6,7,8));
#2937=IFCINDEXEDPOLYGONALFACE((1,2,6,5));
#2938=IFCINDEXEDPOLYGONALFACE((2,3,7,6));
#2939=IFCINDEXEDPOLYGONALFACE((3,4,8,7));
#2940=IFCINDEXEDPOLYGONALFACE((4,1,5,8));
#2941=IFCPOLYGONALFACESET(#2934,$,(#2935,#2936,#2937,#2938,#2939,#2940),$);
#2942=IFCSHAPEREPRESENTATION(#11,'Body','Tessellation',(#2941));
#2943=IFCPRODUCTDEFINITIONSHAPE($,$,(#2942));
#2944=IFCWINDOW('0Em6WQ5Zr6Wvx39pSoIE7k',$,'Fen\X2\00EA\X0\tre aluminium sud 8 R+3',$,$,$,#2954,$,$,$,$,$,$);
#2945=IFCCARTESIANPOINTLIST3D(((33000.,-20.,9900.),(34400.,-20.,9900.),(34400.,220.,9900.),(33000.,220.,9900.),(33000.,-20.,11200.000000000002),(34400.,-20.,11200.000000000002),(34400.,220.,11200.000000000002),(33000.,220.,11200.000000000002)));
#2946=IFCINDEXEDPOLYGONALFACE((1,4,3,2));
#2947=IFCINDEXEDPOLYGONALFACE((5,6,7,8));
#2948=IFCINDEXEDPOLYGONALFACE((1,2,6,5));
#2949=IFCINDEXEDPOLYGONALFACE((2,3,7,6));
#2950=IFCINDEXEDPOLYGONALFACE((3,4,8,7));
#2951=IFCINDEXEDPOLYGONALFACE((4,1,5,8));
#2952=IFCPOLYGONALFACESET(#2945,$,(#2946,#2947,#2948,#2949,#2950,#2951),$);
#2953=IFCSHAPEREPRESENTATION(#11,'Body','Tessellation',(#2952));
#2954=IFCPRODUCTDEFINITIONSHAPE($,$,(#2953));
#2955=IFCWINDOW('0CkSTasVbCfvDsDT9tQo9T',$,'Fen\X2\00EA\X0\tre aluminium nord 8 R+3',$,$,$,#2965,$,$,$,$,$,$);
#2956=IFCCARTESIANPOINTLIST3D(((33000.,17780.,9900.),(34400.,17780.,9900.),(34400.,18020.,9900.),(33000.,18020.,9900.),(33000.,17780.,11200.000000000002),(34400.,17780.,11200.000000000002),(34400.,18020.,11200.000000000002),(33000.,18020.,11200.000000000002)));
#2957=IFCINDEXEDPOLYGONALFACE((1,4,3,2));
#2958=IFCINDEXEDPOLYGONALFACE((5,6,7,8));
#2959=IFCINDEXEDPOLYGONALFACE((1,2,6,5));
#2960=IFCINDEXEDPOLYGONALFACE((2,3,7,6));
#2961=IFCINDEXEDPOLYGONALFACE((3,4,8,7));
#2962=IFCINDEXEDPOLYGONALFACE((4,1,5,8));
#2963=IFCPOLYGONALFACESET(#2956,$,(#2957,#2958,#2959,#2960,#2961,#2962),$);
#2964=IFCSHAPEREPRESENTATION(#11,'Body','Tessellation',(#2963));
#2965=IFCPRODUCTDEFINITIONSHAPE($,$,(#2964));
#2966=IFCDOOR('3Rzx5qKQPCfvT6PmYlImEp',$,'Porte pali\X2\00E8\X0\re bois 1A R+3',$,$,$,#2976,$,$,$,$,$,$);
#2967=IFCCARTESIANPOINTLIST3D(((2000.,7450.,9000.),(2900.,7450.,9000.),(2900.,7550.,9000.),(2000.,7550.,9000.),(2000.,7450.,11100.),(2900.,7450.,11100.),(2900.,7550.,11100.),(2000.,7550.,11100.)));
#2968=IFCINDEXEDPOLYGONALFACE((1,4,3,2));
#2969=IFCINDEXEDPOLYGONALFACE((5,6,7,8));
#2970=IFCINDEXEDPOLYGONALFACE((1,2,6,5));
#2971=IFCINDEXEDPOLYGONALFACE((2,3,7,6));
#2972=IFCINDEXEDPOLYGONALFACE((3,4,8,7));
#2973=IFCINDEXEDPOLYGONALFACE((4,1,5,8));
#2974=IFCPOLYGONALFACESET(#2967,$,(#2968,#2969,#2970,#2971,#2972,#2973),$);
#2975=IFCSHAPEREPRESENTATION(#11,'Body','Tessellation',(#2974));
#2976=IFCPRODUCTDEFINITIONSHAPE($,$,(#2975));
#2977=IFCDOOR('3eH_7wt_rEmBaeE8tcbHsD',$,'Porte pali\X2\00E8\X0\re bois 1B R+3',$,$,$,#2987,$,$,$,$,$,$);
#2978=IFCCARTESIANPOINTLIST3D(((2000.,10450.,9000.),(2900.,10450.,9000.),(2900.,10549.999999999998,9000.),(2000.,10549.999999999998,9000.),(2000.,10450.,11100.),(2900.,10450.,11100.),(2900.,10549.999999999998,11100.),(2000.,10549.999999999998,11100.)));
#2979=IFCINDEXEDPOLYGONALFACE((1,4,3,2));
#2980=IFCINDEXEDPOLYGONALFACE((5,6,7,8));
#2981=IFCINDEXEDPOLYGONALFACE((1,2,6,5));
#2982=IFCINDEXEDPOLYGONALFACE((2,3,7,6));
#2983=IFCINDEXEDPOLYGONALFACE((3,4,8,7));
#2984=IFCINDEXEDPOLYGONALFACE((4,1,5,8));
#2985=IFCPOLYGONALFACESET(#2978,$,(#2979,#2980,#2981,#2982,#2983,#2984),$);
#2986=IFCSHAPEREPRESENTATION(#11,'Body','Tessellation',(#2985));
#2987=IFCPRODUCTDEFINITIONSHAPE($,$,(#2986));
#2988=IFCDOOR('1NqqKbarbByQynNzBVzmtu',$,'Porte pali\X2\00E8\X0\re bois 2A R+3',$,$,$,#2998,$,$,$,$,$,$);
#2989=IFCCARTESIANPOINTLIST3D(((11000.,7450.,9000.),(11900.,7450.,9000.),(11900.,7550.,9000.),(11000.,7550.,9000.),(11000.,7450.,11100.),(11900.,7450.,11100.),(11900.,7550.,11100.),(11000.,7550.,11100.)));
#2990=IFCINDEXEDPOLYGONALFACE((1,4,3,2));
#2991=IFCINDEXEDPOLYGONALFACE((5,6,7,8));
#2992=IFCINDEXEDPOLYGONALFACE((1,2,6,5));
#2993=IFCINDEXEDPOLYGONALFACE((2,3,7,6));
#2994=IFCINDEXEDPOLYGONALFACE((3,4,8,7));
#2995=IFCINDEXEDPOLYGONALFACE((4,1,5,8));
#2996=IFCPOLYGONALFACESET(#2989,$,(#2990,#2991,#2992,#2993,#2994,#2995),$);
#2997=IFCSHAPEREPRESENTATION(#11,'Body','Tessellation',(#2996));
#2998=IFCPRODUCTDEFINITIONSHAPE($,$,(#2997));
#2999=IFCDOOR('0RlQVeHY5C4BaoV7YvwFpd',$,'Porte pali\X2\00E8\X0\re bois 2B R+3',$,$,$,#3009,$,$,$,$,$,$);
#3000=IFCCARTESIANPOINTLIST3D(((11000.,10450.,9000.),(11900.,10450.,9000.),(11900.,10549.999999999998,9000.),(11000.,10549.999999999998,9000.),(11000.,10450.,11100.),(11900.,10450.,11100.),(11900.,10549.999999999998,11100.),(11000.,10549.999999999998,11100.)));
#3001=IFCINDEXEDPOLYGONALFACE((1,4,3,2));
#3002=IFCINDEXEDPOLYGONALFACE((5,6,7,8));
#3003=IFCINDEXEDPOLYGONALFACE((1,2,6,5));
#3004=IFCINDEXEDPOLYGONALFACE((2,3,7,6));
#3005=IFCINDEXEDPOLYGONALFACE((3,4,8,7));
#3006=IFCINDEXEDPOLYGONALFACE((4,1,5,8));
#3007=IFCPOLYGONALFACESET(#3000,$,(#3001,#3002,#3003,#3004,#3005,#3006),$);
#3008=IFCSHAPEREPRESENTATION(#11,'Body','Tessellation',(#3007));
#3009=IFCPRODUCTDEFINITIONSHAPE($,$,(#3008));
#3010=IFCDOOR('2ZD6yXASjFqRHIcH69Q6GG',$,'Porte pali\X2\00E8\X0\re bois 3A R+3',$,$,$,#3020,$,$,$,$,$,$);
#3011=IFCCARTESIANPOINTLIST3D(((20500.,7450.,9000.),(21400.,7450.,9000.),(21400.,7550.,9000.),(20500.,7550.,9000.),(20500.,7450.,11100.),(21400.,7450.,11100.),(21400.,7550.,11100.),(20500.,7550.,11100.)));
#3012=IFCINDEXEDPOLYGONALFACE((1,4,3,2));
#3013=IFCINDEXEDPOLYGONALFACE((5,6,7,8));
#3014=IFCINDEXEDPOLYGONALFACE((1,2,6,5));
#3015=IFCINDEXEDPOLYGONALFACE((2,3,7,6));
#3016=IFCINDEXEDPOLYGONALFACE((3,4,8,7));
#3017=IFCINDEXEDPOLYGONALFACE((4,1,5,8));
#3018=IFCPOLYGONALFACESET(#3011,$,(#3012,#3013,#3014,#3015,#3016,#3017),$);
#3019=IFCSHAPEREPRESENTATION(#11,'Body','Tessellation',(#3018));
#3020=IFCPRODUCTDEFINITIONSHAPE($,$,(#3019));
#3021=IFCDOOR('2k74NJ51v95u2PdJLHJb5S',$,'Porte pali\X2\00E8\X0\re bois 3B R+3',$,$,$,#3031,$,$,$,$,$,$);
#3022=IFCCARTESIANPOINTLIST3D(((20500.,10450.,9000.),(21400.,10450.,9000.),(21400.,10549.999999999998,9000.),(20500.,10549.999999999998,9000.),(20500.,10450.,11100.),(21400.,10450.,11100.),(21400.,10549.999999999998,11100.),(20500.,10549.999999999998,11100.)));
#3023=IFCINDEXEDPOLYGONALFACE((1,4,3,2));
#3024=IFCINDEXEDPOLYGONALFACE((5,6,7,8));
#3025=IFCINDEXEDPOLYGONALFACE((1,2,6,5));
#3026=IFCINDEXEDPOLYGONALFACE((2,3,7,6));
#3027=IFCINDEXEDPOLYGONALFACE((3,4,8,7));
#3028=IFCINDEXEDPOLYGONALFACE((4,1,5,8));
#3029=IFCPOLYGONALFACESET(#3022,$,(#3023,#3024,#3025,#3026,#3027,#3028),$);
#3030=IFCSHAPEREPRESENTATION(#11,'Body','Tessellation',(#3029));
#3031=IFCPRODUCTDEFINITIONSHAPE($,$,(#3030));
#3032=IFCDOOR('244REauiD8nP3Wb$Q89cpl',$,'Porte pali\X2\00E8\X0\re bois 4A R+3',$,$,$,#3042,$,$,$,$,$,$);
#3033=IFCCARTESIANPOINTLIST3D(((29000.,7450.,9000.),(29900.,7450.,9000.),(29900.,7550.,9000.),(29000.,7550.,9000.),(29000.,7450.,11100.),(29900.,7450.,11100.),(29900.,7550.,11100.),(29000.,7550.,11100.)));
#3034=IFCINDEXEDPOLYGONALFACE((1,4,3,2));
#3035=IFCINDEXEDPOLYGONALFACE((5,6,7,8));
#3036=IFCINDEXEDPOLYGONALFACE((1,2,6,5));
#3037=IFCINDEXEDPOLYGONALFACE((2,3,7,6));
#3038=IFCINDEXEDPOLYGONALFACE((3,4,8,7));
#3039=IFCINDEXEDPOLYGONALFACE((4,1,5,8));
#3040=IFCPOLYGONALFACESET(#3033,$,(#3034,#3035,#3036,#3037,#3038,#3039),$);
#3041=IFCSHAPEREPRESENTATION(#11,'Body','Tessellation',(#3040));
#3042=IFCPRODUCTDEFINITIONSHAPE($,$,(#3041));
#3043=IFCDOOR('2DEK$isd1DDBeTgWkD8O9X',$,'Porte pali\X2\00E8\X0\re bois 4B R+3',$,$,$,#3053,$,$,$,$,$,$);
#3044=IFCCARTESIANPOINTLIST3D(((29000.,10450.,9000.),(29900.,10450.,9000.),(29900.,10549.999999999998,9000.),(29000.,10549.999999999998,9000.),(29000.,10450.,11100.),(29900.,10450.,11100.),(29900.,10549.999999999998,11100.),(29000.,10549.999999999998,11100.)));
#3045=IFCINDEXEDPOLYGONALFACE((1,4,3,2));
#3046=IFCINDEXEDPOLYGONALFACE((5,6,7,8));
#3047=IFCINDEXEDPOLYGONALFACE((1,2,6,5));
#3048=IFCINDEXEDPOLYGONALFACE((2,3,7,6));
#3049=IFCINDEXEDPOLYGONALFACE((3,4,8,7));
#3050=IFCINDEXEDPOLYGONALFACE((4,1,5,8));
#3051=IFCPOLYGONALFACESET(#3044,$,(#3045,#3046,#3047,#3048,#3049,#3050),$);
#3052=IFCSHAPEREPRESENTATION(#11,'Body','Tessellation',(#3051));
#3053=IFCPRODUCTDEFINITIONSHAPE($,$,(#3052));
#3054=IFCRAILING('2GreF7CFX4NujqIIptXU_Y',$,'Garde-corps balcon 1 R+3',$,$,$,#3064,$,$);
#3055=IFCCARTESIANPOINTLIST3D(((1000.,-1200.,9000.),(8000.,-1200.,9000.),(8000.,-1150.,9000.),(1000.,-1150.,9000.),(1000.,-1200.,10000.),(8000.,-1200.,10000.),(8000.,-1150.,10000.),(1000.,-1150.,10000.)));
#3056=IFCINDEXEDPOLYGONALFACE((1,4,3,2));
#3057=IFCINDEXEDPOLYGONALFACE((5,6,7,8));
#3058=IFCINDEXEDPOLYGONALFACE((1,2,6,5));
#3059=IFCINDEXEDPOLYGONALFACE((2,3,7,6));
#3060=IFCINDEXEDPOLYGONALFACE((3,4,8,7));
#3061=IFCINDEXEDPOLYGONALFACE((4,1,5,8));
#3062=IFCPOLYGONALFACESET(#3055,$,(#3056,#3057,#3058,#3059,#3060,#3061),$);
#3063=IFCSHAPEREPRESENTATION(#11,'Body','Tessellation',(#3062));
#3064=IFCPRODUCTDEFINITIONSHAPE($,$,(#3063));
#3065=IFCRAILING('2ynZFdCaD7vQT_DuJMNf$_',$,'Garde-corps balcon 2 R+3',$,$,$,#3075,$,$);
#3066=IFCCARTESIANPOINTLIST3D(((10000.,-1200.,9000.),(17000.,-1200.,9000.),(17000.,-1150.,9000.),(10000.,-1150.,9000.),(10000.,-1200.,10000.),(17000.,-1200.,10000.),(17000.,-1150.,10000.),(10000.,-1150.,10000.)));
#3067=IFCINDEXEDPOLYGONALFACE((1,4,3,2));
#3068=IFCINDEXEDPOLYGONALFACE((5,6,7,8));
#3069=IFCINDEXEDPOLYGONALFACE((1,2,6,5));
#3070=IFCINDEXEDPOLYGONALFACE((2,3,7,6));
#3071=IFCINDEXEDPOLYGONALFACE((3,4,8,7));
#3072=IFCINDEXEDPOLYGONALFACE((4,1,5,8));
#3073=IFCPOLYGONALFACESET(#3066,$,(#3067,#3068,#3069,#3070,#3071,#3072),$);
#3074=IFCSHAPEREPRESENTATION(#11,'Body','Tessellation',(#3073));
#3075=IFCPRODUCTDEFINITIONSHAPE($,$,(#3074));
#3076=IFCRAILING('2FZbk8ZwfB7urb_Oqvo5WF',$,'Garde-corps balcon 3 R+3',$,$,$,#3086,$,$);
#3077=IFCCARTESIANPOINTLIST3D(((19000.,-1200.,9000.),(26000.,-1200.,9000.),(26000.,-1150.,9000.),(19000.,-1150.,9000.),(19000.,-1200.,10000.),(26000.,-1200.,10000.),(26000.,-1150.,10000.),(19000.,-1150.,10000.)));
#3078=IFCINDEXEDPOLYGONALFACE((1,4,3,2));
#3079=IFCINDEXEDPOLYGONALFACE((5,6,7,8));
#3080=IFCINDEXEDPOLYGONALFACE((1,2,6,5));
#3081=IFCINDEXEDPOLYGONALFACE((2,3,7,6));
#3082=IFCINDEXEDPOLYGONALFACE((3,4,8,7));
#3083=IFCINDEXEDPOLYGONALFACE((4,1,5,8));
#3084=IFCPOLYGONALFACESET(#3077,$,(#3078,#3079,#3080,#3081,#3082,#3083),$);
#3085=IFCSHAPEREPRESENTATION(#11,'Body','Tessellation',(#3084));
#3086=IFCPRODUCTDEFINITIONSHAPE($,$,(#3085));
#3087=IFCRAILING('3fcZq2K356gRhwJlrP6p65',$,'Garde-corps balcon 4 R+3',$,$,$,#3097,$,$);
#3088=IFCCARTESIANPOINTLIST3D(((28000.,-1200.,9000.),(35000.,-1200.,9000.),(35000.,-1150.,9000.),(28000.,-1150.,9000.),(28000.,-1200.,10000.),(35000.,-1200.,10000.),(35000.,-1150.,10000.),(28000.,-1150.,10000.)));
#3089=IFCINDEXEDPOLYGONALFACE((1,4,3,2));
#3090=IFCINDEXEDPOLYGONALFACE((5,6,7,8));
#3091=IFCINDEXEDPOLYGONALFACE((1,2,6,5));
#3092=IFCINDEXEDPOLYGONALFACE((2,3,7,6));
#3093=IFCINDEXEDPOLYGONALFACE((3,4,8,7));
#3094=IFCINDEXEDPOLYGONALFACE((4,1,5,8));
#3095=IFCPOLYGONALFACESET(#3088,$,(#3089,#3090,#3091,#3092,#3093,#3094),$);
#3096=IFCSHAPEREPRESENTATION(#11,'Body','Tessellation',(#3095));
#3097=IFCPRODUCTDEFINITIONSHAPE($,$,(#3096));
#3098=IFCWALL('3pewGkjx9Bcf5Ax8PSUnYS',$,'Acrot\X2\00E8\X0\re nord',$,$,$,#3108,$,$);
#3099=IFCCARTESIANPOINTLIST3D(((0.,17800.,12000.),(36000.,17800.,12000.),(36000.,18000.,12000.),(0.,18000.,12000.),(0.,17800.,12600.),(36000.,17800.,12600.),(36000.,18000.,12600.),(0.,18000.,12600.)));
#3100=IFCINDEXEDPOLYGONALFACE((1,4,3,2));
#3101=IFCINDEXEDPOLYGONALFACE((5,6,7,8));
#3102=IFCINDEXEDPOLYGONALFACE((1,2,6,5));
#3103=IFCINDEXEDPOLYGONALFACE((2,3,7,6));
#3104=IFCINDEXEDPOLYGONALFACE((3,4,8,7));
#3105=IFCINDEXEDPOLYGONALFACE((4,1,5,8));
#3106=IFCPOLYGONALFACESET(#3099,$,(#3100,#3101,#3102,#3103,#3104,#3105),$);
#3107=IFCSHAPEREPRESENTATION(#11,'Body','Tessellation',(#3106));
#3108=IFCPRODUCTDEFINITIONSHAPE($,$,(#3107));
#3109=IFCWALL('3ET_JXf1z8Du$WObfUcu3c',$,'Acrot\X2\00E8\X0\re sud',$,$,$,#3119,$,$);
#3110=IFCCARTESIANPOINTLIST3D(((0.,0.,12000.),(36000.,0.,12000.),(36000.,200.,12000.),(0.,200.,12000.),(0.,0.,12600.),(36000.,0.,12600.),(36000.,200.,12600.),(0.,200.,12600.)));
#3111=IFCINDEXEDPOLYGONALFACE((1,4,3,2));
#3112=IFCINDEXEDPOLYGONALFACE((5,6,7,8));
#3113=IFCINDEXEDPOLYGONALFACE((1,2,6,5));
#3114=IFCINDEXEDPOLYGONALFACE((2,3,7,6));
#3115=IFCINDEXEDPOLYGONALFACE((3,4,8,7));
#3116=IFCINDEXEDPOLYGONALFACE((4,1,5,8));
#3117=IFCPOLYGONALFACESET(#3110,$,(#3111,#3112,#3113,#3114,#3115,#3116),$);
#3118=IFCSHAPEREPRESENTATION(#11,'Body','Tessellation',(#3117));
#3119=IFCPRODUCTDEFINITIONSHAPE($,$,(#3118));
#3120=IFCWALL('1ftqaj3eTDseoXUBOrwLnf',$,'Acrot\X2\00E8\X0\re est',$,$,$,#3130,$,$);
#3121=IFCCARTESIANPOINTLIST3D(((35800.,0.,12000.),(36000.,0.,12000.),(36000.,18000.,12000.),(35800.,18000.,12000.),(35800.,0.,12600.),(36000.,0.,12600.),(36000.,18000.,12600.),(35800.,18000.,12600.)));
#3122=IFCINDEXEDPOLYGONALFACE((1,4,3,2));
#3123=IFCINDEXEDPOLYGONALFACE((5,6,7,8));
#3124=IFCINDEXEDPOLYGONALFACE((1,2,6,5));
#3125=IFCINDEXEDPOLYGONALFACE((2,3,7,6));
#3126=IFCINDEXEDPOLYGONALFACE((3,4,8,7));
#3127=IFCINDEXEDPOLYGONALFACE((4,1,5,8));
#3128=IFCPOLYGONALFACESET(#3121,$,(#3122,#3123,#3124,#3125,#3126,#3127),$);
#3129=IFCSHAPEREPRESENTATION(#11,'Body','Tessellation',(#3128));
#3130=IFCPRODUCTDEFINITIONSHAPE($,$,(#3129));
#3131=IFCWALL('2kqohy4PjAZPkV21vAsQcs',$,'Acrot\X2\00E8\X0\re ouest',$,$,$,#3141,$,$);
#3132=IFCCARTESIANPOINTLIST3D(((0.,0.,12000.),(200.,0.,12000.),(200.,18000.,12000.),(0.,18000.,12000.),(0.,0.,12600.),(200.,0.,12600.),(200.,18000.,12600.),(0.,18000.,12600.)));
#3133=IFCINDEXEDPOLYGONALFACE((1,4,3,2));
#3134=IFCINDEXEDPOLYGONALFACE((5,6,7,8));
#3135=IFCINDEXEDPOLYGONALFACE((1,2,6,5));
#3136=IFCINDEXEDPOLYGONALFACE((2,3,7,6));
#3137=IFCINDEXEDPOLYGONALFACE((3,4,8,7));
#3138=IFCINDEXEDPOLYGONALFACE((4,1,5,8));
#3139=IFCPOLYGONALFACESET(#3132,$,(#3133,#3134,#3135,#3136,#3137,#3138),$);
#3140=IFCSHAPEREPRESENTATION(#11,'Body','Tessellation',(#3139));
#3141=IFCPRODUCTDEFINITIONSHAPE($,$,(#3140));
#3142=IFCBEAM('2tKbBaL_v6bByZuJwHegFI',$,'Panne de charpente m\X2\00E9\X0\tallique 1',$,$,$,#3152,$,$);
#3143=IFCCARTESIANPOINTLIST3D(((14000.,6000.,14600.),(22000.,6000.,14600.),(22000.,6120.,14600.),(14000.,6120.,14600.),(14000.,6000.,14799.999999999998),(22000.,6000.,14799.999999999998),(22000.,6120.,14799.999999999998),(14000.,6120.,14799.999999999998)));
#3144=IFCINDEXEDPOLYGONALFACE((1,4,3,2));
#3145=IFCINDEXEDPOLYGONALFACE((5,6,7,8));
#3146=IFCINDEXEDPOLYGONALFACE((1,2,6,5));
#3147=IFCINDEXEDPOLYGONALFACE((2,3,7,6));
#3148=IFCINDEXEDPOLYGONALFACE((3,4,8,7));
#3149=IFCINDEXEDPOLYGONALFACE((4,1,5,8));
#3150=IFCPOLYGONALFACESET(#3143,$,(#3144,#3145,#3146,#3147,#3148,#3149),$);
#3151=IFCSHAPEREPRESENTATION(#11,'Body','Tessellation',(#3150));
#3152=IFCPRODUCTDEFINITIONSHAPE($,$,(#3151));
#3153=IFCBEAM('3m_3ZId2X3cvdIg$PG0ZFB',$,'Panne de charpente m\X2\00E9\X0\tallique 2',$,$,$,#3163,$,$);
#3154=IFCCARTESIANPOINTLIST3D(((14000.,7500.,14600.),(22000.,7500.,14600.),(22000.,7620.,14600.),(14000.,7620.,14600.),(14000.,7500.,14799.999999999998),(22000.,7500.,14799.999999999998),(22000.,7620.,14799.999999999998),(14000.,7620.,14799.999999999998)));
#3155=IFCINDEXEDPOLYGONALFACE((1,4,3,2));
#3156=IFCINDEXEDPOLYGONALFACE((5,6,7,8));
#3157=IFCINDEXEDPOLYGONALFACE((1,2,6,5));
#3158=IFCINDEXEDPOLYGONALFACE((2,3,7,6));
#3159=IFCINDEXEDPOLYGONALFACE((3,4,8,7));
#3160=IFCINDEXEDPOLYGONALFACE((4,1,5,8));
#3161=IFCPOLYGONALFACESET(#3154,$,(#3155,#3156,#3157,#3158,#3159,#3160),$);
#3162=IFCSHAPEREPRESENTATION(#11,'Body','Tessellation',(#3161));
#3163=IFCPRODUCTDEFINITIONSHAPE($,$,(#3162));
#3164=IFCBEAM('17OHycbTf3bv1x39z2EnP4',$,'Panne de charpente m\X2\00E9\X0\tallique 3',$,$,$,#3174,$,$);
#3165=IFCCARTESIANPOINTLIST3D(((14000.,9000.,14600.),(22000.,9000.,14600.),(22000.,9120.,14600.),(14000.,9120.,14600.),(14000.,9000.,14799.999999999998),(22000.,9000.,14799.999999999998),(22000.,9120.,14799.999999999998),(14000.,9120.,14799.999999999998)));
#3166=IFCINDEXEDPOLYGONALFACE((1,4,3,2));
#3167=IFCINDEXEDPOLYGONALFACE((5,6,7,8));
#3168=IFCINDEXEDPOLYGONALFACE((1,2,6,5));
#3169=IFCINDEXEDPOLYGONALFACE((2,3,7,6));
#3170=IFCINDEXEDPOLYGONALFACE((3,4,8,7));
#3171=IFCINDEXEDPOLYGONALFACE((4,1,5,8));
#3172=IFCPOLYGONALFACESET(#3165,$,(#3166,#3167,#3168,#3169,#3170,#3171),$);
#3173=IFCSHAPEREPRESENTATION(#11,'Body','Tessellation',(#3172));
#3174=IFCPRODUCTDEFINITIONSHAPE($,$,(#3173));
#3175=IFCBEAM('3X3Adq4EHCgB75NtzxhpHV',$,'Panne de charpente m\X2\00E9\X0\tallique 4',$,$,$,#3185,$,$);
#3176=IFCCARTESIANPOINTLIST3D(((14000.,10500.,14600.),(22000.,10500.,14600.),(22000.,10620.,14600.),(14000.,10620.,14600.),(14000.,10500.,14799.999999999998),(22000.,10500.,14799.999999999998),(22000.,10620.,14799.999999999998),(14000.,10620.,14799.999999999998)));
#3177=IFCINDEXEDPOLYGONALFACE((1,4,3,2));
#3178=IFCINDEXEDPOLYGONALFACE((5,6,7,8));
#3179=IFCINDEXEDPOLYGONALFACE((1,2,6,5));
#3180=IFCINDEXEDPOLYGONALFACE((2,3,7,6));
#3181=IFCINDEXEDPOLYGONALFACE((3,4,8,7));
#3182=IFCINDEXEDPOLYGONALFACE((4,1,5,8));
#3183=IFCPOLYGONALFACESET(#3176,$,(#3177,#3178,#3179,#3180,#3181,#3182),$);
#3184=IFCSHAPEREPRESENTATION(#11,'Body','Tessellation',(#3183));
#3185=IFCPRODUCTDEFINITIONSHAPE($,$,(#3184));
#3186=IFCBEAM('0DQ4VBJcn519rsqm7SpxZg',$,'Panne de charpente m\X2\00E9\X0\tallique 5',$,$,$,#3196,$,$);
#3187=IFCCARTESIANPOINTLIST3D(((14000.,12000.,14600.),(22000.,12000.,14600.),(22000.,12120.,14600.),(14000.,12120.,14600.),(14000.,12000.,14799.999999999998),(22000.,12000.,14799.999999999998),(22000.,12120.,14799.999999999998),(14000.,12120.,14799.999999999998)));
#3188=IFCINDEXEDPOLYGONALFACE((1,4,3,2));
#3189=IFCINDEXEDPOLYGONALFACE((5,6,7,8));
#3190=IFCINDEXEDPOLYGONALFACE((1,2,6,5));
#3191=IFCINDEXEDPOLYGONALFACE((2,3,7,6));
#3192=IFCINDEXEDPOLYGONALFACE((3,4,8,7));
#3193=IFCINDEXEDPOLYGONALFACE((4,1,5,8));
#3194=IFCPOLYGONALFACESET(#3187,$,(#3188,#3189,#3190,#3191,#3192,#3193),$);
#3195=IFCSHAPEREPRESENTATION(#11,'Body','Tessellation',(#3194));
#3196=IFCPRODUCTDEFINITIONSHAPE($,$,(#3195));
#3197=IFCROOF('2f4K0iz05D1vJ2uABs13i2',$,'Couverture en bacs acier',$,$,$,#3207,$,$);
#3198=IFCCARTESIANPOINTLIST3D(((13800.,5800.,14800.),(22200.000000000004,5800.,14800.),(22200.000000000004,12200.,14800.),(13800.,12200.,14800.),(13800.,5800.,14880.),(22200.000000000004,5800.,14880.),(22200.000000000004,12200.,14880.),(13800.,12200.,14880.)));
#3199=IFCINDEXEDPOLYGONALFACE((1,4,3,2));
#3200=IFCINDEXEDPOLYGONALFACE((5,6,7,8));
#3201=IFCINDEXEDPOLYGONALFACE((1,2,6,5));
#3202=IFCINDEXEDPOLYGONALFACE((2,3,7,6));
#3203=IFCINDEXEDPOLYGONALFACE((3,4,8,7));
#3204=IFCINDEXEDPOLYGONALFACE((4,1,5,8));
#3205=IFCPOLYGONALFACESET(#3198,$,(#3199,#3200,#3201,#3202,#3203,#3204),$);
#3206=IFCSHAPEREPRESENTATION(#11,'Body','Tessellation',(#3205));
#3207=IFCPRODUCTDEFINITIONSHAPE($,$,(#3206));
ENDSEC;
END-ISO-10303-21;
